{
  "model": "shufflenet_v2_x0_5",
  "ratio": 0.7,
  "version": "A",
  "clean": {
    "top1": 97.35414834359426,
    "top3": 99.70683084139549,
    "top5": 99.87173849311053
  },
  "corrupted": {
    "gaussian_noise": {
      "1": {
        "top1": 4.038405159777184,
        "top3": 0.5460275579009135,
        "top5": 0.2565230137789456
      },
      "2": {
        "top1": 25.875842861330995,
        "top3": 9.923776018762823,
        "top5": 5.995309293462327
      },
      "3": {
        "top1": 79.29859278803869,
        "top3": 65.88243916739958,
        "top5": 58.040164174728815
      },
      "4": {
        "top1": 94.37848138375843,
        "top3": 88.36118440340076,
        "top5": 84.33377308707124
      },
      "5": {
        "top1": 98.44986807387863,
        "top3": 95.60979184989739,
        "top5": 93.80313690999706
      }
    },
    "shot_noise": {
      "1": {
        "top1": 74.12782175315157,
        "top3": 58.59352096159484,
        "top5": 50.05130460275579
      },
      "2": {
        "top1": 88.60671357373204,
        "top3": 79.5001465845793,
        "top5": 73.0064497214893
      },
      "3": {
        "top1": 95.24333040164174,
        "top3": 89.41292875989446,
        "top5": 85.55042509527998
      },
      "4": {
        "top1": 97.46775139255351,
        "top3": 93.6492231017297,
        "top5": 91.4284667253005
      },
      "5": {
        "top1": 98.93359718557608,
        "top3": 96.8960715332747,
        "top5": 95.19935502785107
      }
    },
    "impulse_noise": {
      "1": {
        "top1": 77.65318088537086,
        "top3": 61.26502491937848,
        "top5": 53.33479917912636
      },
      "2": {
        "top1": 96.69085312225154,
        "top3": 90.69920844327177,
        "top5": 85.16564057461156
      },
      "3": {
        "top1": 98.94459102902374,
        "top3": 96.89973614775725,
        "top5": 94.78525359132219
      },
      "4": {
        "top1": 99.24142480211081,
        "top3": 97.64731750219877,
        "top5": 96.30240398710056
      },
      "5": {
        "top1": 99.26341248900616,
        "top3": 97.71694517736734,
        "top5": 96.74948695397244
      }
    },
    "gaussian_blur": {
      "1": {
        "top1": 4.335238932864257,
        "top3": 0.5973321606567055,
        "top5": 0.26751685722662444
      },
      "2": {
        "top1": 5.284374083846373,
        "top3": 1.1543535620052836,
        "top5": 0.6156552330694751
      },
      "3": {
        "top1": 38.02403987100557,
        "top3": 21.536939313984163,
        "top5": 16.391820580474928
      },
      "4": {
        "top1": 87.8114922310173,
        "top3": 79.73468191146291,
        "top5": 74.87173849311053
      },
      "5": {
        "top1": 97.49706830841396,
        "top3": 95.19202579888596,
        "top5": 92.3116388155966
      }
    },
    "defocus_blur": {
      "1": {
        "top1": 4.6980357666373465,
        "top3": 0.7475813544415075,
        "top5": 0.3188214599824164
      },
      "2": {
        "top1": 11.778070946936381,
        "top3": 4.210642040457344,
        "top5": 2.7374670184696583
      },
      "3": {
        "top1": 69.62034593960715,
        "top3": 54.617414248021106,
        "top5": 46.69818235121665
      },
      "4": {
        "top1": 93.9350630313691,
        "top3": 89.36895338610378,
        "top5": 86.21005570214014
      },
      "5": {
        "top1": 98.67707417179713,
        "top3": 96.88874230430959,
        "top5": 94.5910290237467
      }
    },
    "stroke_thinning": {
      "1": {
        "top1": 2.656845499853418,
        "top3": 0.30049838756963254,
        "top5": 0.13925535033713743
      },
      "2": {
        "top1": 2.6678393433010825,
        "top3": 0.31149223101729717,
        "top5": 0.13559073585459203
      },
      "3": {
        "top1": 3.202873057754317,
        "top3": 0.4763998827323377,
        "top5": 0.19788918205804862
      },
      "4": {
        "top1": 4.90691879214306,
        "top3": 0.718264438581059,
        "top5": 0.2931691586045133
      },
      "5": {
        "top1": 4.90691879214306,
        "top3": 0.718264438581059,
        "top5": 0.2931691586045133
      }
    },
    "elastic": {
      "1": {
        "top1": 3.2944884198182365,
        "top3": 0.40677220756376187,
        "top5": 0.17223688068014553
      },
      "2": {
        "top1": 3.6243037232483175,
        "top3": 0.49838756962768116,
        "top5": 0.2198768689533921
      },
      "3": {
        "top1": 4.881266490765171,
        "top3": 0.7255936675461783,
        "top5": 0.30782761653473756
      },
      "4": {
        "top1": 7.842274992670767,
        "top3": 1.4658457930225808,
        "top5": 0.6523013778950428
      },
      "5": {
        "top1": 17.670771034887125,
        "top3": 5.269715625916149,
        "top5": 2.8217531515684584
      }
    },
    "pixelate": {
      "1": {
        "top1": 3.426414541190269,
        "top3": 0.5386983289357943,
        "top5": 0.2235414834359375
      },
      "2": {
        "top1": 5.617854001759014,
        "top3": 1.2972735268249806,
        "top5": 0.7585751978891864
      },
      "3": {
        "top1": 6.526678393433016,
        "top3": 1.9569041336851427,
        "top5": 1.1909997068308371
      },
      "4": {
        "top1": 51.89094107299912,
        "top3": 34.788185282908245,
        "top5": 27.847405452946347
      },
      "5": {
        "top1": 90.87510993843448,
        "top3": 84.24215772500733,
        "top5": 79.87393726180005
      }
    },
    "contrast": {
      "1": {
        "top1": 2.7044854881266502,
        "top3": 0.3261506889475214,
        "top5": 0.12093227792436778
      },
      "2": {
        "top1": 2.8547346819114665,
        "top3": 0.33714453239518605,
        "top5": 0.13559073585459203
      },
      "3": {
        "top1": 3.4044268542949254,
        "top3": 0.46174142480211344,
        "top5": 0.20521841102315364
      },
      "4": {
        "top1": 9.047933157431842,
        "top3": 1.9678979771328073,
        "top5": 1.0517443564936997
      },
      "5": {
        "top1": 87.26546467311638,
        "top3": 69.54338903547347,
        "top5": 56.44972148929933
      }
    },
    "scale": {
      "1": {
        "top1": 3.9980944004690713,
        "top3": 0.5350337144532347,
        "top5": 0.23819994136616174
      },
      "2": {
        "top1": 2.645851656405739,
        "top3": 0.2931691586045133,
        "top5": 0.1282615068894728
      },
      "3": {
        "top1": 4.727352682497795,
        "top3": 0.820873644092643,
        "top5": 0.3481383758428649
      },
      "4": {
        "top1": 18.34139548519495,
        "top3": 7.563764291996478,
        "top5": 5.038844913515092
      },
      "5": {
        "top1": 94.09630606860158,
        "top3": 89.96262093227793,
        "top5": 86.51788331867488
      }
    }
  },
  "mce": {
    "top1": 2.6059715171521254,
    "top3": 8.362583575449193,
    "top5": 14.02018953496442,
    "avg": 8.329581542521913
  }
}