{
  "model": "squeezenet1_0",
  "ratio": 0.7,
  "version": "A",
  "clean": {
    "top1": 95.13339196716505,
    "top3": 99.06918792143067,
    "top5": 99.57490472002345
  },
  "corrupted": {
    "gaussian_noise": {
      "1": {
        "top1": 4.903254177660514,
        "top3": 0.9381413075344511,
        "top5": 0.4250952799765457
      },
      "2": {
        "top1": 5.119466432131347,
        "top3": 0.9601289944297804,
        "top5": 0.43242450894166495
      },
      "3": {
        "top1": 5.801084725886838,
        "top3": 1.0334212840809158,
        "top5": 0.43608912342421036
      },
      "4": {
        "top1": 8.358985634711232,
        "top3": 2.2977132805628884,
        "top5": 1.344913515098213
      },
      "5": {
        "top1": 45.309293462327766,
        "top3": 24.582233948988574,
        "top5": 17.835678686602165
      }
    },
    "shot_noise": {
      "1": {
        "top1": 5.85605394312519,
        "top3": 1.117707417179716,
        "top5": 0.4873937261800023
      },
      "2": {
        "top1": 7.622398123717389,
        "top3": 2.022867194371159,
        "top5": 1.0773966578715886
      },
      "3": {
        "top1": 14.504544121958375,
        "top3": 5.119466432131347,
        "top5": 3.4813837584286063
      },
      "4": {
        "top1": 45.68674875403108,
        "top3": 24.681178540017584,
        "top5": 17.978598651421876
      },
      "5": {
        "top1": 92.43257109352096,
        "top3": 85.57974201114043,
        "top5": 79.19964819700968
      }
    },
    "impulse_noise": {
      "1": {
        "top1": 71.17780709469363,
        "top3": 53.39343301084726,
        "top5": 44.68630900029317
      },
      "2": {
        "top1": 94.36748754031076,
        "top3": 89.36895338610378,
        "top5": 84.09557314570507
      },
      "3": {
        "top1": 97.99179126355908,
        "top3": 96.79712694224568,
        "top5": 95.10773966578716
      },
      "4": {
        "top1": 99.06918792143067,
        "top3": 97.46408677807095,
        "top5": 96.37569627675168
      },
      "5": {
        "top1": 99.3440340076224,
        "top3": 97.84887129873937,
        "top5": 96.62489006156552
      }
    },
    "gaussian_blur": {
      "1": {
        "top1": 4.961888009381411,
        "top3": 0.9711228378774592,
        "top5": 0.4873937261800023
      },
      "2": {
        "top1": 9.832160656698917,
        "top3": 3.6975960128994387,
        "top5": 2.656845499853418
      },
      "3": {
        "top1": 84.03327469950162,
        "top3": 75.3701260627382,
        "top5": 70.83699794781589
      },
      "4": {
        "top1": 98.38756962767516,
        "top3": 96.298739372618,
        "top5": 94.60568748167692
      },
      "5": {
        "top1": 99.34769862210496,
        "top3": 98.51583113456465,
        "top5": 96.79346232776312
      }
    },
    "defocus_blur": {
      "1": {
        "top1": 5.33201407211962,
        "top3": 1.234975080621524,
        "top5": 0.6486367634124832
      },
      "2": {
        "top1": 39.0647903840516,
        "top3": 26.616094986807383,
        "top5": 22.236880680152453
      },
      "3": {
        "top1": 95.84432717678101,
        "top3": 92.52052184110232,
        "top5": 89.97727939020815
      },
      "4": {
        "top1": 99.11316329522134,
        "top3": 97.71694517736734,
        "top5": 96.13383172090296
      },
      "5": {
        "top1": 99.35869246555262,
        "top3": 98.66974494283201,
        "top5": 96.80079155672823
      }
    },
    "stroke_thinning": {
      "1": {
        "top1": 4.877601876282611,
        "top3": 0.9527997654646754,
        "top5": 0.42875989445910534
      },
      "2": {
        "top1": 4.88493110524773,
        "top3": 0.9418059220170107,
        "top5": 0.4434183523893296
      },
      "3": {
        "top1": 5.77176781002639,
        "top3": 1.1470243330401644,
        "top5": 0.582673702726467
      },
      "4": {
        "top1": 8.443271767810032,
        "top3": 1.887276458516567,
        "top5": 0.9381413075344511
      },
      "5": {
        "top1": 8.443271767810032,
        "top3": 1.887276458516567,
        "top5": 0.9381413075344511
      }
    },
    "elastic": {
      "1": {
        "top1": 5.174435649369684,
        "top3": 1.015098211668132,
        "top5": 0.46174142480211344
      },
      "2": {
        "top1": 5.537232483142773,
        "top3": 1.0297566695983562,
        "top5": 0.4837291116974427
      },
      "3": {
        "top1": 6.4570507182644405,
        "top3": 1.3339196716505484,
        "top5": 0.5533567868660185
      },
      "4": {
        "top1": 8.762093227792434,
        "top3": 1.8836118440340073,
        "top5": 0.8391967165054268
      },
      "5": {
        "top1": 17.22002345353269,
        "top3": 5.33201407211962,
        "top5": 2.832746995016123
      }
    },
    "pixelate": {
      "1": {
        "top1": 7.266930518909405,
        "top3": 1.623424215772502,
        "top5": 0.828202873057748
      },
      "2": {
        "top1": 10.110671357373207,
        "top3": 2.942685429492812,
        "top5": 1.6637349750806152
      },
      "3": {
        "top1": 10.183963647024328,
        "top3": 3.400762239812366,
        "top5": 2.191439460568745
      },
      "4": {
        "top1": 56.13822925828203,
        "top3": 37.77118147170918,
        "top5": 30.291703312811492
      },
      "5": {
        "top1": 94.07065376722369,
        "top3": 86.00850190559953,
        "top5": 80.8890354734682
      }
    },
    "contrast": {
      "1": {
        "top1": 4.9765464673116355,
        "top3": 0.9601289944297804,
        "top5": 0.4434183523893296
      },
      "2": {
        "top1": 5.7387862796833815,
        "top3": 1.1396951040750452,
        "top5": 0.5460275579009135
      },
      "3": {
        "top1": 6.493696863090008,
        "top3": 1.3632365875109969,
        "top5": 0.718264438581059
      },
      "4": {
        "top1": 11.514218704192317,
        "top3": 3.3347991791263496,
        "top5": 1.9422456757549043
      },
      "5": {
        "top1": 98.78701260627382,
        "top3": 96.82644385810613,
        "top5": 95.11873350923483
      }
    },
    "scale": {
      "1": {
        "top1": 4.844620345939603,
        "top3": 0.9491351509821158,
        "top5": 0.46907065376721846
      },
      "2": {
        "top1": 4.866608032834947,
        "top3": 0.9308120785693319,
        "top5": 0.4250952799765457
      },
      "3": {
        "top1": 5.826737027264727,
        "top3": 1.396218117854005,
        "top5": 0.7292582820287237
      },
      "4": {
        "top1": 45.20301964233363,
        "top3": 31.358106127235416,
        "top5": 26.260627381999413
      },
      "5": {
        "top1": 98.83831720902961,
        "top3": 97.21489299325711,
        "top5": 95.5584872471416
      }
    }
  },
  "mce": {
    "top1": 1.324578608745734,
    "top3": 1.5138748985329378,
    "top5": 1.5364920983414367,
    "avg": 1.4583152018733696
  }
}