{
  "vgg16_bn": {
    "fold_0": {
      "clean_top1": 97.02066842568162,
      "test_acc_train": 0.9702066842568162,
      "mce_top1": 1.0002851557578494,
      "mce_top3": 1.0012952375015365,
      "mce_top5": 1.0039324366773046,
      "mce_avg": 1.0018376099788968,
      "best_epoch": 11,
      "elapsed_sec": 3574.3956406116486
    },
    "fold_1": {
      "clean_top1": 97.10861917326297,
      "test_acc_train": 0.9710861917326298,
      "mce_top1": 1.0004497925213853,
      "mce_top3": 1.0026438527173662,
      "mce_top5": 1.0012191769919847,
      "mce_avg": 1.0014376074102456,
      "best_epoch": 13,
      "elapsed_sec": 21153.951254606247
    },
    "fold_2": {
      "clean_top1": 97.15259454705365,
      "test_acc_train": 0.9715259454705365,
      "mce_top1": 0.999421124055961,
      "mce_top3": 0.9985516228670743,
      "mce_top5": 0.9953993832071493,
      "mce_avg": 0.9977907100433949,
      "best_epoch": 10,
      "elapsed_sec": 20048.00438976288
    },
    "fold_3": {
      "clean_top1": 96.91622691292876,
      "test_acc_train": 0.9691622691292876,
      "mce_top1": 0.9999254288879541,
      "mce_top3": 1.0035492224045022,
      "mce_top5": 1.0010383802943736,
      "mce_avg": 1.0015043438622766,
      "best_epoch": 17,
      "elapsed_sec": 34827.40942168236
    },
    "fold_4": {
      "clean_top1": 96.7951184651751,
      "test_acc_train": 0.9679511846517509,
      "mce_top1": 1.000333513809376,
      "mce_top3": 1.0006849056074032,
      "mce_top5": 0.9980625110033012,
      "mce_avg": 0.9996936434733602,
      "best_epoch": 17,
      "elapsed_sec": 33635.64447641373
    }
  },
  "googlenet": {
    "fold_0": {
      "clean_top1": 97.0481530343008,
      "test_acc_train": 0.9754287598944591,
      "mce_top1": 0.8518001372215247,
      "mce_top3": 0.7589786992704408,
      "mce_top5": 0.7349227955515298,
      "mce_avg": 0.7819005440144985,
      "best_epoch": 14,
      "elapsed_sec": 7288.929205417633
    },
    "fold_1": {
      "clean_top1": 95.66842568161829,
      "test_acc_train": 0.9756486367634125,
      "mce_top1": 1.182775944267538,
      "mce_top3": 1.249996067560696,
      "mce_top5": 1.3172824943446924,
      "mce_avg": 1.2500181687243088,
      "best_epoch": 17,
      "elapsed_sec": 6010.662022590637
    },
    "fold_2": {
      "clean_top1": 95.41007036059807,
      "test_acc_train": 0.975098944591029,
      "mce_top1": 1.2069427725509339,
      "mce_top3": 1.486517409078573,
      "mce_top5": 1.6326452660166708,
      "mce_avg": 1.4420351492153927,
      "best_epoch": 5,
      "elapsed_sec": 4990.140882730484
    },
    "fold_3": {
      "clean_top1": 96.46547933157431,
      "test_acc_train": 0.9768579595426561,
      "mce_top1": 0.9150197067053293,
      "mce_top3": 0.8806606478497672,
      "mce_top5": 0.8933990044067814,
      "mce_avg": 0.8963597863206259,
      "best_epoch": 14,
      "elapsed_sec": 5635.692693710327
    },
    "fold_4": {
      "clean_top1": 97.05348798856578,
      "test_acc_train": 0.9765818261777802,
      "mce_top1": 0.8552476410017078,
      "mce_top3": 0.8787331261492245,
      "mce_top5": 0.8532794794147259,
      "mce_avg": 0.8624200821885527,
      "best_epoch": 15,
      "elapsed_sec": 7423.892909526825
    }
  },
  "efficientnet_b0": {
    "fold_0": {
      "clean_top1": 97.68579595426561,
      "test_acc_train": 0.9768579595426561,
      "mce_top1": 1.3551781934929399,
      "mce_top3": 2.524016491002037,
      "mce_top5": 3.458612244537368,
      "mce_avg": 2.4459356430107815,
      "best_epoch": 7,
      "elapsed_sec": 12358.335231542587
    },
    "fold_1": {
      "clean_top1": 97.938654353562,
      "test_acc_train": 0.97938654353562,
      "mce_top1": 1.143706018364838,
      "mce_top3": 1.2838556821129221,
      "mce_top5": 1.339416877909406,
      "mce_avg": 1.2556595261290553,
      "best_epoch": 10,
      "elapsed_sec": 12699.870807886124
    },
    "fold_2": {
      "clean_top1": 97.82321899736148,
      "test_acc_train": 0.9782321899736148,
      "mce_top1": 1.0102734348205118,
      "mce_top3": 1.0838392909983154,
      "mce_top5": 1.1040397815779492,
      "mce_avg": 1.0660508357989256,
      "best_epoch": 13,
      "elapsed_sec": 13469.950252056122
    },
    "fold_3": {
      "clean_top1": 97.80672823218997,
      "test_acc_train": 0.9780672823218998,
      "mce_top1": 0.8055584873878321,
      "mce_top3": 0.712979937335455,
      "mce_top5": 0.6735650123146215,
      "mce_avg": 0.7307011456793028,
      "best_epoch": 10,
      "elapsed_sec": 12700.935235977173
    },
    "fold_4": {
      "clean_top1": 97.62519927436645,
      "test_acc_train": 0.9762519927436645,
      "mce_top1": 0.9179111062627315,
      "mce_top3": 0.9892764730703082,
      "mce_top5": 1.0121161005747998,
      "mce_avg": 0.9731012266359466,
      "best_epoch": 6,
      "elapsed_sec": 11986.345711231232
    }
  },
  "regnet_x_400mf": {
    "fold_0": {
      "clean_top1": 97.58135444151276,
      "test_acc_train": 0.9758135444151276,
      "mce_top1": 1.62773647050578,
      "mce_top3": 3.6003268524977043,
      "mce_top5": 5.4244797630875805,
      "mce_avg": 3.550847695363688,
      "best_epoch": 13,
      "elapsed_sec": 8326.3686606884
    },
    "fold_1": {
      "clean_top1": 97.47141600703605,
      "test_acc_train": 0.974769129287599,
      "mce_top1": 1.2100524845797114,
      "mce_top3": 1.4204962770570648,
      "mce_top5": 1.5603866360880154,
      "mce_avg": 1.3969784659082638,
      "best_epoch": 10,
      "elapsed_sec": 7276.143794775009
    },
    "fold_2": {
      "clean_top1": 97.80123131046614,
      "test_acc_train": 0.9780123131046614,
      "mce_top1": 1.6250024500397509,
      "mce_top3": 3.4205832527447626,
      "mce_top5": 4.89711551929649,
      "mce_avg": 3.3142337406936675,
      "best_epoch": 14,
      "elapsed_sec": 8656.991518497467
    },
    "fold_3": {
      "clean_top1": 97.79023746701847,
      "test_acc_train": 0.9779023746701847,
      "mce_top1": 1.666540021159871,
      "mce_top3": 3.4119962525051206,
      "mce_top5": 4.81374541572377,
      "mce_avg": 3.297427229796254,
      "best_epoch": 25,
      "elapsed_sec": 11154.231508731842
    },
    "fold_4": {
      "clean_top1": 98.0264966192073,
      "test_acc_train": 0.980264966192073,
      "mce_top1": 1.3272779459378372,
      "mce_top3": 2.3533164130531623,
      "mce_top5": 3.0901049779723615,
      "mce_avg": 2.256899778987787,
      "best_epoch": 27,
      "elapsed_sec": 10592.10194683075
    }
  },
  "mnasnet0_5": {
    "fold_0": {
      "clean_top1": 97.1910729991205,
      "test_acc_train": 0.971910729991205,
      "mce_top1": 4.799056522763328,
      "mce_top3": 23.64834268655504,
      "mce_top5": 57.40780508019384,
      "mce_avg": 28.618401429837405,
      "best_epoch": 24,
      "elapsed_sec": 26356.319028377533
    },
    "fold_1": {
      "clean_top1": 97.43293755496921,
      "test_acc_train": 0.9743293755496921,
      "mce_top1": 4.549298464768301,
      "mce_top3": 22.717125510775872,
      "mce_top5": 45.876193911060035,
      "mce_avg": 24.380872628868065,
      "best_epoch": 28,
      "elapsed_sec": 10015.276705026627
    },
    "fold_2": {
      "clean_top1": 96.93271767810026,
      "test_acc_train": 0.969382145998241,
      "mce_top1": 4.671342985456977,
      "mce_top3": 25.43559467973586,
      "mce_top5": 50.13901468516513,
      "mce_avg": 26.748650783452657,
      "best_epoch": 21,
      "elapsed_sec": 7113.153289556503
    },
    "fold_3": {
      "clean_top1": 97.25153913808268,
      "test_acc_train": 0.9725153913808268,
      "mce_top1": 4.259503084978438,
      "mce_top3": 21.431142432440627,
      "mce_top5": 49.47211984024618,
      "mce_avg": 25.05425511922175,
      "best_epoch": 26,
      "elapsed_sec": 10031.572618484497
    },
    "fold_4": {
      "clean_top1": 96.7621351217635,
      "test_acc_train": 0.9675114067395965,
      "mce_top1": 4.3570618511711015,
      "mce_top3": 27.762513372053995,
      "mce_top5": 57.049866013359804,