{
  "vgg16_bn": 1497.6330090954682,
  "googlenet": 6479.185854455288,
  "swin_t": 1071.5893866943104,
  "efficientnet_b0": 5110.019493177388,
  "squeezenet1_0": 7239.574421031908,
  "convnext_tiny": 1266.0550849875792,
  "regnet_x_400mf": 10241.812820872836,
  "shufflenet_v2_x0_5": 30590.62140673201,
  "mnasnet0_5": 12749.86753098464
}