{
  "model": "shufflenet_v2_x0_5",
  "seed": 1,
  "protocol": "writer_independent",
  "version": "A",
  "clean": {
    "top1": 97.25215127630342,
    "top3": 99.66375009038975,
    "top5": 99.82283606913009
  },
  "corrupted": {
    "gaussian_noise": {
      "1": {
        "top1": 10.383975703232338,
        "top3": 2.27782196832743,
        "top5": 1.059367994793547
      },
      "2": {
        "top1": 83.29597223226553,
        "top3": 65.3337189963121,
        "top5": 55.87895003254032
      },
      "3": {
        "top1": 95.79145274423314,
        "top3": 90.28490852556223,
        "top5": 86.84648203051559
      },
      "4": {
        "top1": 98.56822619133705,
        "top3": 94.30544507918142,
        "top5": 91.05502928628245
      },
      "5": {
        "top1": 99.20818569672427,
        "top3": 96.79658688263794,
        "top5": 94.85139923349483
      }
    },
    "shot_noise": {
      "1": {
        "top1": 95.33588835056764,
        "top3": 89.44609154674959,
        "top5": 85.69672427507412
      },
      "2": {
        "top1": 97.50524260611758,
        "top3": 91.95892689276158,
        "top5": 88.55304071154819
      },
      "3": {
        "top1": 98.46337406898546,
        "top3": 94.13189673873744,
        "top5": 90.66816111070938
      },
      "4": {
        "top1": 98.77431484561428,
        "top3": 95.25634536119749,
        "top5": 92.56273049388965
      },
      "5": {
        "top1": 98.96232554776195,
        "top3": 96.34102248897246,
        "top5": 93.94388603658977
      }
    },
    "impulse_noise": {
      "1": {
        "top1": 64.0465688046858,
        "top3": 45.650444717622385,
        "top5": 37.703376961457806
      },
      "2": {
        "top1": 92.46872514281583,
        "top3": 84.98083737074265,
        "top5": 78.64993853496276
      },
      "3": {
        "top1": 98.40190903174488,
        "top3": 96.3084821751392,
        "top5": 94.00535107383035
      },
      "4": {
        "top1": 99.06717767011352,
        "top3": 96.90143900498951,
        "top5": 95.64682912719647
      },
      "5": {
        "top1": 99.16479861161328,
        "top3": 97.38954371248825,
        "top5": 96.27955745173186
      }
    },
    "gaussian_blur": {
      "1": {
        "top1": 4.060308048304293,
        "top3": 0.6291127341094835,
        "top5": 0.30009400535107034
      },
      "2": {
        "top1": 4.501410080266112,
        "top3": 0.7954298937016375,
        "top5": 0.33624990961024537
      },
      "3": {
        "top1": 29.4236748861089,
        "top3": 15.156555065442191,
        "top5": 10.759997107527653
      },
      "4": {
        "top1": 80.64936004049461,
        "top3": 68.37804613493384,
        "top5": 61.85190541615446
      },
      "5": {
        "top1": 96.4169498879167,
        "top3": 92.49403427579723,
        "top5": 89.01583628606551
      }
    },
    "defocus_blur": {
      "1": {
        "top1": 4.425482681321853,
        "top3": 0.6688842287945675,
        "top5": 0.30009400535107034
      },
      "2": {
        "top1": 8.970279846698972,
        "top3": 2.7876202183816616,
        "top5": 1.6125533299587858
      },
      "3": {
        "top1": 58.23269939981199,
        "top3": 41.87938390339142,
        "top5": 35.50148239207462
      },
      "4": {
        "top1": 90.75131969050545,
        "top3": 82.6993998119893,
        "top5": 77.07715669968906
      },
      "5": {
        "top1": 98.22112951044906,
        "top3": 96.08793115915829,
        "top5": 93.31477330248029
      }
    },
    "stroke_thinning": {
      "1": {
        "top1": 2.7333863619929133,
        "top3": 0.33624990961024537,
        "top5": 0.17354834044400036
      },
      "2": {
        "top1": 2.7731578566779973,
        "top3": 0.34348109046207753,
        "top5": 0.16993275001807717
      },
      "3": {
        "top1": 3.3878082290838023,
        "top3": 0.4700267553691475,
        "top5": 0.2241666064068255
      },
      "4": {
        "top1": 5.734326415503645,
        "top3": 0.8026610745534697,
        "top5": 0.37963699472123835
      },
      "5": {
        "top1": 5.734326415503645,
        "top3": 0.8026610745534697,
        "top5": 0.37963699472123835
      }
    },
    "elastic": {
      "1": {
        "top1": 3.1781039843806553,
        "top3": 0.4519488032395742,
        "top5": 0.19162629257357366
      },
      "2": {
        "top1": 3.6336683780461385,
        "top3": 0.5206450213319869,
        "top5": 0.2277821968327487
      },
      "3": {
        "top1": 4.505025670692021,
        "top3": 0.6652686383686444,
        "top5": 0.3109407766288257
      },
      "4": {
        "top1": 6.710535830501115,
        "top3": 1.1027550799045542,
        "top5": 0.5242606117578958
      },
      "5": {
        "top1": 16.367777858124228,
        "top3": 4.602646612191776,
        "top5": 2.4983729843083324
      }
    },
    "pixelate": {
      "1": {
        "top1": 3.489044761009467,
        "top3": 0.5097982500542315,
        "top5": 0.2241666064068255
      },
      "2": {
        "top1": 4.996745968616679,
        "top3": 1.0449056330898827,
        "top5": 0.5495697447393155
      },
      "3": {
        "top1": 4.989514787764847,
        "top3": 1.30161255332996,
        "top5": 0.817123436257134
      },
      "4": {
        "top1": 48.904476100947285,
        "top3": 30.765058934123942,
        "top5": 23.367560922698672
      },
      "5": {
        "top1": 92.09993491937233,
        "top3": 85.32431846120471,
        "top5": 80.27695422662521
      }
    },
    "contrast": {
      "1": {
        "top1": 2.805698170511249,
        "top3": 0.35794345216574186,
        "top5": 0.1446236170366575
      },
      "2": {
        "top1": 3.0624050907513265,
        "top3": 0.38325258514716154,
        "top5": 0.15908597874032182
      },
      "3": {
        "top1": 3.691517824860796,
        "top3": 0.4736423457950707,
        "top5": 0.22055101598091653
      },
      "4": {
        "top1": 8.753344421143979,
        "top3": 1.54024152144045,
        "top5": 0.694193361775973
      },
      "5": {
        "top1": 75.1428158218237,
        "top3": 53.6698242823053,
        "top5": 43.10868464820305
      }
    },
    "scale": {
      "1": {
        "top1": 3.7999855376382925,
        "top3": 0.5857256489984763,
        "top5": 0.26032251066598633
      },
      "2": {
        "top1": 2.7478487236965776,
        "top3": 0.33624990961024537,
        "top5": 0.17716393086990934
      },
      "3": {
        "top1": 4.505025670692021,
        "top3": 0.6761154096463997,
        "top5": 0.3037095957769935
      },
      "4": {
        "top1": 13.963410224889728,
        "top3": 5.253452888856756,
        "top5": 3.3046496492877253
      },
      "5": {
        "top1": 91.66606406826234,
        "top3": 84.63735628028057,
        "top5": 79.36582543929424
      }
    }
  },
  "mce": {
    "top1": 4.481609704551073,
    "top3": 20.642791507804063,
    "top5": 36.2717569198045,
    "avg": 20.465386044053215
  }
}