{
  "model": "shufflenet_v2_x0_5",
  "seed": 123,
  "protocol": "writer_independent",
  "version": "A",
  "clean": {
    "top1": 96.93203154337213,
    "top3": 99.5343597446489,
    "top5": 99.78971085242208
  },
  "corrupted": {
    "gaussian_noise": {
      "1": {
        "top1": 98.72324446113406,
        "top3": 96.61659782200526,
        "top5": 95.31731130304168
      },
      "2": {
        "top1": 99.36913255726624,
        "top3": 98.11115283514833,
        "top5": 96.71798723244461
      },
      "3": {
        "top1": 99.35411190386782,
        "top3": 98.05482538490425,
        "top5": 96.82688696958317
      },
      "4": {
        "top1": 99.36913255726624,
        "top3": 97.97596695456252,
        "top5": 96.7780698460383
      },
      "5": {
        "top1": 99.42170484416071,
        "top3": 97.8933533608712,
        "top5": 96.85692827638002
      }
    },
    "shot_noise": {
      "1": {
        "top1": 99.35035674051821,
        "top3": 98.03980473150582,
        "top5": 96.78558017273751
      },
      "2": {
        "top1": 99.32407059707097,
        "top3": 98.10739767179872,
        "top5": 96.83064213293278
      },
      "3": {
        "top1": 99.42546000751032,
        "top3": 97.81825009387909,
        "top5": 96.92452121667293
      },
      "4": {
        "top1": 99.53060458129929,
        "top3": 97.94968081111529,
        "top5": 96.88696958317686
      },
      "5": {
        "top1": 99.40668419076229,
        "top3": 98.06233571160345,
        "top5": 96.81562147953436
      }
    },
    "impulse_noise": {
      "1": {
        "top1": 63.864063086744274,
        "top3": 46.10214044310928,
        "top5": 37.806984603830266
      },
      "2": {
        "top1": 91.9076229815997,
        "top3": 85.25347352609839,
        "top5": 80.16147202403305
      },
      "3": {
        "top1": 98.80961321817499,
        "top3": 95.8580548253849,
        "top5": 93.40968832144198
      },
      "4": {
        "top1": 99.28651896357492,
        "top3": 97.37889598197522,
        "top5": 95.73413443484792
      },
      "5": {
        "top1": 99.3390912504694,
        "top3": 97.7656778069846,
        "top5": 96.49643259481788
      }
    },
    "gaussian_blur": {
      "1": {
        "top1": 4.799098760796099,
        "top3": 0.7773188133683817,
        "top5": 0.34171986481412375
      },
      "2": {
        "top1": 5.242208036049561,
        "top3": 0.9425460007510367,
        "top5": 0.46939541870071366
      },
      "3": {
        "top1": 28.313931656027037,
        "top3": 14.892977844536233,
        "top5": 10.784829140067586
      },
      "4": {
        "top1": 86.35749155088246,
        "top3": 76.23732632369507,
        "top5": 69.56815621479535
      },
      "5": {
        "top1": 96.5114532482163,
        "top3": 93.6875704093128,
        "top5": 91.62223056702966
      }
    },
    "defocus_blur": {
      "1": {
        "top1": 5.610214044310922,
        "top3": 0.8261359369132606,
        "top5": 0.40180247840781647
      },
      "2": {
        "top1": 8.535486293653776,
        "top3": 2.6699211415696595,
        "top5": 1.5959444235824236
      },
      "3": {
        "top1": 61.885092001502066,
        "top3": 45.767930904994365,
        "top5": 38.126173488546755
      },
      "4": {
        "top1": 92.92902741269245,
        "top3": 87.59669545625235,
        "top5": 83.70259106271124
      },
      "5": {
        "top1": 97.8295155839279,
        "top3": 95.3961697333834,
        "top5": 93.70259106271124
      }
    },
    "stroke_thinning": {
      "1": {
        "top1": 3.0642132932782573,
        "top3": 0.4656402553511043,
        "top5": 0.2102891475779245
      },
      "2": {
        "top1": 3.0792339466766805,
        "top3": 0.45061960195268114,
        "top5": 0.19902365752909645
      },
      "3": {
        "top1": 3.773939166353742,
        "top3": 0.6045812992865223,
        "top5": 0.25535110777319403
      },
      "4": {
        "top1": 5.636500187758173,
        "top3": 0.9575666541494599,
        "top5": 0.41682313180623964
      },
      "5": {
        "top1": 5.636500187758173,
        "top3": 0.9575666541494599,
        "top5": 0.41682313180623964
      }
    },
    "elastic": {
      "1": {
        "top1": 3.672549755914389,
        "top3": 0.5895606458880991,
        "top5": 0.3116785580172774
      },
      "2": {
        "top1": 4.059331580923768,
        "top3": 0.6947052196770613,
        "top5": 0.3266992114157006
      },
      "3": {
        "top1": 5.238452872699966,
        "top3": 0.9162598573037997,
        "top5": 0.44310927525347665
      },
      "4": {
        "top1": 7.949680811115286,
        "top3": 1.4570033796470199,
        "top5": 0.7322568531731122
      },
      "5": {
        "top1": 17.630491926398804,
        "top3": 5.2572286894479845,
        "top5": 2.8201276755538913
      }
    },
    "pixelate": {
      "1": {
        "top1": 4.029290274126922,
        "top3": 0.6684190762298101,
        "top5": 0.30792339466766805
      },
      "2": {
        "top1": 5.91813743897859,
        "top3": 1.3255726624108206,
        "top5": 0.7360120165227215
      },
      "3": {
        "top1": 6.342470897484034,
        "top3": 1.7874577544123156,
        "top5": 1.1378144949305238
      },
      "4": {
        "top1": 46.50394292151709,
        "top3": 30.386781825009393,
        "top5": 24.063086744273377
      },
      "5": {
        "top1": 89.63199399173864,
        "top3": 81.85129553135562,
        "top5": 76.85317311303041
      }
    },
    "contrast": {
      "1": {
        "top1": 3.1430717236199825,
        "top3": 0.5444986856928296,
        "top5": 0.19526849417950132
      },
      "2": {
        "top1": 3.390912504693958,
        "top3": 0.5632745024408621,
        "top5": 0.21404431092751963
      },
      "3": {
        "top1": 4.134434847915884,
        "top3": 0.717236199774689,
        "top5": 0.3116785580172774
      },
      "4": {
        "top1": 10.24033045437477,
        "top3": 2.110401802478407,
        "top5": 1.0852422080360498
      },
      "5": {
        "top1": 78.53173113030417,
        "top3": 54.07059707097259,
        "top5": 39.89861058956065
      }
    },
    "scale": {
      "1": {
        "top1": 4.4348479158843475,
        "top3": 0.7360120165227215,
        "top5": 0.31543372136687253
      },
      "2": {
        "top1": 3.0679684566278667,
        "top3": 0.4656402553511043,
        "top5": 0.2102891475779245
      },
      "3": {
        "top1": 5.696582801351852,
        "top3": 0.8486669170108883,
        "top5": 0.4243334585054441
      },
      "4": {
        "top1": 15.215921892602324,
        "top3": 5.253473526098389,
        "top5": 3.2069095005632704
      },
      "5": {
        "top1": 94.04055576417574,
        "top3": 89.5418700713481,
        "top5": 85.98197521592189
      }
    }
  },
  "mce": {
    "top1": 3.7388923176946234,
    "top3": 15.704057944781184,
    "top5": 29.90575657081659,
    "avg": 16.449568944430798
  }
}