{
  "run_name": "finetune_seed123_fold1",
  "init": "finetune",
  "fold": 1,
  "seed": 123,
  "config": {
    "lr": 0.0001,
    "weight_decay": 0.0001,
    "batch_size": 32,
    "epochs": 30,
    "patience": 7,
    "min_delta": 0.0,
    "num_workers": 4
  },
  "best_epoch": 28,
  "best_val_loss": 0.12832877291750067,
  "best_val_acc": 0.9596851145038168,
  "elapsed_sec": 2619.8356313705444,
  "train_history": {
    "loss": [
      3.9924500451154876,
      1.4862222506328726,
      0.8072566729426872,
      0.56611121942412,
      0.44489683086964715,
      0.3697841889976455,
      0.315811762083601,
      0.28086502688904413,
      0.25324433309094085,
      0.2300587632210822,
      0.21112098268953347,
      0.19522640096857355,
      0.1840987264076752,
      0.17403953568448907,
      0.16590341494600605,
      0.1535824712576636,
      0.14637413697525273,
      0.14181967352174688,
      0.13402683666890328,
      0.13291162316412686,
      0.1258973465165014,
      0.12000479648022816,
      0.11491654559120895,
      0.10996419651500701,
      0.10483272974512851,
      0.10430834530684437,
      0.09933771803299099,
      0.09766646645023241,
      0.09601850011774969,
      0.09188974506655065
    ],
    "acc": [
      0.2642240865174347,
      0.7001510874319112,
      0.8066478470040953,
      0.8528686732137887,
      0.880283090135581,
      0.8978768239831418,
      0.9118722913601844,
      0.9191881038527295,
      0.9262255973917538,
      0.9317720965369171,
      0.9376167945608525,
      0.9425271360979682,
      0.9452109260069183,
      0.9466621605502763,
      0.949087511430957,
      0.9531032563317562,
      0.9555087272871854,
      0.956900322054789,
      0.9597630312910024,
      0.9596636316647449,
      0.960737147628325,
      0.9635004572382808,
      0.9644348137251004,
      0.9662637668482367,
      0.9675360820643314,
      0.9667607649795237,
      0.9686891177289173,
      0.9692457556359588,
      0.9697228738419944,
      0.9712933879368614
    ]
  },
  "val_history": {
    "loss": [
      2.6906418122408042,
      1.7252207374906419,
      1.3674340592389191,
      1.0420177289813226,
      0.914321143966898,
      0.7718829865124238,
      0.5213013217564075,
      0.3678119692278424,
      0.32237686566610374,
      0.26370937490726776,
      0.22811231030857443,
      0.2133468508675372,
      0.1874257647005827,
      0.1833429933737717,
      0.16945314451308005,
      0.1696302699495069,
      0.15751457615677295,
      0.15399955433785073,
      0.15093489115614606,
      0.14437813902408259,
      0.1401844111575719,
      0.13984104726284638,
      0.13323182245845605,
      0.14263053294844422,
      0.13027835334155,
      0.13667760823334035,
      0.13448593156360703,
      0.12999937583768797,
      0.12832877291750067,
      0.12939985792741548
    ],
    "acc": [
      0.34422709923664124,
      0.5428594147582697,
      0.6230916030534351,
      0.7253498727735369,
      0.7608937659033079,
      0.7980279898218829,
      0.8610846055979644,
      0.9004452926208651,
      0.9096692111959288,
      0.9244592875318066,
      0.9339217557251909,
      0.9378180661577609,
      0.9435432569974554,
      0.9460877862595419,
      0.9490298982188295,
      0.9491094147582697,
      0.9530852417302799,
      0.9522105597964376,
      0.9553912213740458,
      0.9570610687022901,
      0.9562659033078881,
      0.9562659033078881,
      0.9601622137404581,
      0.9562659033078881,
      0.9603212468193384,
      0.9588899491094147,
      0.9588899491094147,
      0.960559796437659,
      0.9596851145038168,
      0.9604802798982188
    ]
  },
  "robustness": {
    "clean": 95.10701185855204,
    "gaussian_s1": 0.7478366155051458,
    "gaussian_s2": 0.641002813290125,
    "gaussian_s3": 0.641002813290125,
    "gaussian_s4": 0.641002813290125,
    "gaussian_s5": 0.7371532352836437,
    "mean_noisy": 0.6815996581318329,
    "relative_drop_pct": 99.28333395738946
  }
}