{
  "run_name": "finetune_seed1_fold4",
  "init": "finetune",
  "fold": 4,
  "seed": 1,
  "config": {
    "lr": 0.0001,
    "weight_decay": 0.0001,
    "batch_size": 32,
    "epochs": 30,
    "patience": 7,
    "min_delta": 0.0,
    "num_workers": 4
  },
  "best_epoch": 29,
  "best_val_loss": 0.11872443774452147,
  "best_val_acc": 0.9643737574552684,
  "elapsed_sec": 4985.1217312812805,
  "train_history": {
    "loss": [
      3.9791906407829107,
      1.4915779902110662,
      0.8240311464980078,
      0.584628405655563,
      0.45408440254517723,
      0.3768315076771127,
      0.32770499301969114,
      0.28380845267168414,
      0.26196149768383675,
      0.23539824591016797,
      0.2128123466452815,
      0.20212963606657983,
      0.18875578336326287,
      0.17955569772943764,
      0.16770332355960246,
      0.15987110488095857,
      0.1508143147187764,
      0.14470287253256478,
      0.13898186406752625,
      0.1314190944696239,
      0.12882947829537128,
      0.11940153429007608,
      0.11765459616133331,
      0.11282928706079255,
      0.10835458976069333,
      0.10733359014288492,
      0.1027294030172013,
      0.09695843351942345,
      0.09839453666165811,
      0.09184483884168407
    ],
    "acc": [
      0.26829413752658887,
      0.6907739101047651,
      0.8010257837504722,
      0.8494920780072759,
      0.8773432996043974,
      0.8964276484503906,
      0.9067451245452558,
      0.9183945291533309,
      0.9235035683756436,
      0.9315945371051428,
      0.9378168300101386,
      0.9403216507961751,
      0.9434626165437449,
      0.9459674373297815,
      0.9488897282468243,
      0.9526270798958313,
      0.9537005745184184,
      0.9564638291950778,
      0.9578156372383357,
      0.9603204580243723,
      0.9603602170844682,
      0.9630041945808401,
      0.9634813033019899,
      0.9652704610063018,
      0.966781305289943,
      0.9665228713993201,
      0.9683319086336799,
      0.9700415482178001,
      0.9690873307755005,
      0.9716319106216329
    ]
  },
  "val_history": {
    "loss": [
      2.6930740976618015,
      1.915468954973619,
      1.516785951883608,
      1.211472906872008,
      0.8757859535767117,
      0.6724332880168028,
      0.6246222431759237,
      0.4428477962116598,
      0.34065487436935393,
      0.25535699572051257,
      0.22308059972453545,
      0.19484779106871508,
      0.1911037937559143,
      0.17614085803567534,
      0.16571637841685866,
      0.17511370801635337,
      0.15845884649168188,
      0.14523915243981253,
      0.1412382745402115,
      0.1388871999581161,
      0.13460978360420786,
      0.13553582340656645,
      0.13410337736345013,
      0.1314280537323319,
      0.13251885785919357,
      0.1299467280179736,
      0.1282858916408351,
      0.1221919343437607,
      0.12655320108233103,
      0.11872443774452147
    ],
    "acc": [
      0.3256461232604374,
      0.4711729622266402,
      0.580755467196819,
      0.6628230616302186,
      0.7688270377733598,
      0.8162226640159046,
      0.8287077534791253,
      0.8775347912524851,
      0.9033797216699802,
      0.9275546719681909,
      0.9364612326043738,
      0.9440159045725646,
      0.9448111332007952,
      0.9482306163021869,
      0.9492644135188867,
      0.9479125248508946,
      0.9537972166998012,
      0.9568190854870775,
      0.9568190854870775,
      0.9580914512922465,
      0.958648111332008,
      0.96,
      0.9598409542743539,
      0.9593638170974155,
      0.9588866799204772,
      0.9618290258449305,
      0.9619085487077534,
      0.9625447316103379,
      0.9616699801192843,
      0.9643737574552684
    ]
  },
  "robustness": {
    "clean": 94.67255439621096,
    "gaussian_s1": 0.979309853637691,
    "gaussian_s2": 0.5804636587016132,
    "gaussian_s3": 0.6481250667711264,
    "gaussian_s4": 0.8012535166126562,
    "gaussian_s5": 0.641002813290125,
    "mean_noisy": 0.7300309818026423,
    "relative_drop_pct": 99.22888847094227
  }
}