{
  "run_name": "finetune_seed42_fold0",
  "init": "finetune",
  "fold": 0,
  "seed": 42,
  "config": {
    "lr": 0.0001,
    "weight_decay": 0.0001,
    "batch_size": 32,
    "epochs": 30,
    "patience": 7,
    "min_delta": 0.0,
    "num_workers": 4
  },
  "best_epoch": 29,
  "best_val_loss": 0.12440780014413477,
  "best_val_acc": 0.9637404580152672,
  "elapsed_sec": 2619.19820189476,
  "train_history": {
    "loss": [
      3.9594745296715486,
      1.4818637270533273,
      0.819606759963768,
      0.5797517129732294,
      0.4500520433243366,
      0.3689932384778574,
      0.32035525368580564,
      0.2848422892735609,
      0.25748303977069853,
      0.23244689082247158,
      0.21746744642717067,
      0.1981030139230951,
      0.1858682221155044,
      0.17697025858412954,
      0.1674765051098487,
      0.15656227722285893,
      0.14981086775562757,
      0.14202457722711173,
      0.13625628771875437,
      0.12930628344991904,
      0.12685919171521728,
      0.11987463867876204,
      0.11723586288048427,
      0.1116059786451962,
      0.10999519942628048,
      0.10384778078365675,
      0.10119110402472983,
      0.09928695565852905,
      0.0959521221138946,
      0.09405784719994251
    ],
    "acc": [
      0.2656156812850384,
      0.6923382768080792,
      0.8015188262892131,
      0.8465468569838177,
      0.8779571388811578,
      0.8977177845811299,
      0.9086915033199475,
      0.9193272633294899,
      0.9244761639696235,
      0.9310762991531152,
      0.9356486819609559,
      0.9409963818536042,
      0.9446940479503797,
      0.9466820404755278,
      0.9488290724026878,
      0.9526658979762236,
      0.9551906484831617,
      0.956940081905292,
      0.9582720368971412,
      0.9599618305435171,
      0.9624468211999523,
      0.9622877817979404,
      0.9630630988827482,
      0.96536917021192,
      0.96536917021192,
      0.9675360820643314,
      0.9683909188501452,
      0.9688481571309292,
      0.9707963898055744,
      0.9702198719732814
    ]
  },
  "val_history": {
    "loss": [
      2.734107613260206,
      1.7784297692260063,
      1.378437935547671,
      1.0638852386756708,
      0.8731425922866389,
      0.6958909823959717,
      0.524126841878618,
      0.4245392035636056,
      0.33618905243129676,
      0.25723521038889885,
      0.22206458722362082,
      0.20581993495016987,
      0.1875911885309661,
      0.1742772359653369,
      0.1666776941813417,
      0.1636251429334027,
      0.15347528160293764,
      0.15550515186053443,
      0.1469222663678987,
      0.14098335466639117,
      0.14006835362150005,
      0.14115222559548066,
      0.13789286824681146,
      0.13600086179849544,
      0.1343299197118952,
      0.13068095398012256,
      0.13293671314414998,
      0.12476581566221034,
      0.13222663490574613,
      0.12440780014413477
    ],
    "acc": [
      0.3110687022900763,
      0.5065203562340967,
      0.6069497455470738,
      0.7030852417302799,
      0.763676844783715,
      0.8068543256997456,
      0.8582220101781171,
      0.8837468193384224,
      0.9060114503816794,
      0.9276399491094147,
      0.9341603053435115,
      0.9386927480916031,
      0.9460082697201018,
      0.9483142493638677,
      0.9522900763358778,
      0.9513358778625954,
      0.9553117048346056,
      0.9538008905852418,
      0.9572201017811705,
      0.9580947837150128,
      0.9571405852417303,
      0.9575381679389313,
      0.9598441475826972,
      0.959367048346056,
      0.9588104325699746,
      0.9601622137404581,
      0.9592080152671756,
      0.9608778625954199,
      0.959367048346056,
      0.9637404580152672
    ]
  },
  "robustness": {
    "clean": 94.75446031124248,
    "gaussian_s1": 1.8731526655033652,
    "gaussian_s2": 0.39528506819557707,
    "gaussian_s3": 0.6338805598091236,
    "gaussian_s4": 0.641002813290125,
    "gaussian_s5": 0.641002813290125,
    "mean_noisy": 0.8368647840176632,
    "relative_drop_pct": 99.11680697534577
  }
}