{
  "run_name": "finetune_seed123_fold0",
  "init": "finetune",
  "fold": 0,
  "seed": 123,
  "config": {
    "lr": 0.0001,
    "weight_decay": 0.0001,
    "batch_size": 32,
    "epochs": 30,
    "patience": 7,
    "min_delta": 0.0,
    "num_workers": 4
  },
  "best_epoch": 29,
  "best_val_loss": 0.12050517347404163,
  "best_val_acc": 0.9629452926208651,
  "elapsed_sec": 2627.517231464386,
  "train_history": {
    "loss": [
      3.984250808737585,
      1.4784251100277315,
      0.8021678100176954,
      0.5679481106555029,
      0.4457892733434812,
      0.36714435807765444,
      0.31568138850531063,
      0.2811096034276642,
      0.2540924035741161,
      0.22846349671410165,
      0.21131281933404453,
      0.19582582526979833,
      0.18241668819686793,
      0.17342873498715064,
      0.16037495202451504,
      0.1551181480231036,
      0.1485111164156094,
      0.138822586985747,
      0.13493656871312987,
      0.12789865485927768,
      0.12332895366591036,
      0.11756488053593729,
      0.11407203942242258,
      0.11118710433556153,
      0.10744811873716377,
      0.10576201965244034,
      0.10038579560893013,
      0.10068959927575251,
      0.09566205883233724,
      0.09365004108000677
    ],
    "acc": [
      0.2669277563516361,
      0.7010258041429764,
      0.8073237644626456,
      0.8536042304480935,
      0.8777782195538945,
      0.89986481650829,
      0.9106397359945927,
      0.9198242614607769,
      0.9264442765695201,
      0.932805852649994,
      0.9376167945608525,
      0.9432030535565187,
      0.9455886445866963,
      0.9477953162896108,
      0.9515923820126436,
      0.9529044570792414,
      0.9546538905013717,
      0.9579937179436205,
      0.9593853127112242,
      0.9611347461333546,
      0.9632022583595086,
      0.9643155341735915,
      0.9641366148463282,
      0.9653492902866685,
      0.9663035266987396,
      0.9668601646057811,
      0.9681722396723789,
      0.9684505586258996,
      0.9696831139914914,
      0.9702596318237844
    ]
  },
  "val_history": {
    "loss": [
      2.731764319743819,
      1.709896645321494,
      1.3497821817188773,
      0.9653940713815107,
      0.8090098042789913,
      0.7116415493341954,
      0.5584941595394648,
      0.45194414249472037,
      0.3257284765593878,
      0.31836892012269746,
      0.2417137869550792,
      0.20651135920800515,
      0.19313232774097405,
      0.17560063805976175,
      0.16633922995883335,
      0.1612205487929531,
      0.15973032770664183,
      0.15210103858857707,
      0.1453880998194893,
      0.14527121047268957,
      0.14151328654367945,
      0.14037299364581277,
      0.12954864517420367,
      0.14243755301042357,
      0.13293178839831638,
      0.1316558223525945,
      0.12487590996342363,
      0.13094239163048224,
      0.1275397744220083,
      0.12050517347404163
    ],
    "acc": [
      0.32156488549618323,
      0.5412690839694656,
      0.6320769720101781,
      0.7449109414758269,
      0.7824427480916031,
      0.8089217557251909,
      0.8451812977099237,
      0.8786577608142494,
      0.9110209923664122,
      0.9096692111959288,
      0.9329675572519084,
      0.9406011450381679,
      0.9440998727735369,
      0.9491094147582697,
      0.9504611959287532,
      0.9522900763358778,
      0.9514949109414759,
      0.9522105597964376,
      0.9560273536895675,
      0.9572996183206107,
      0.9572996183206107,
      0.9579357506361323,
      0.9581743002544529,
      0.9588104325699746,
      0.9603212468193384,
      0.9618320610687023,
      0.9634223918575063,
      0.9588899491094147,
      0.9599236641221374,
      0.9629452926208651
    ]
  },
  "robustness": {
    "clean": 95.00730030981802,
    "gaussian_s1": 1.4280118229407786,
    "gaussian_s2": 0.641002813290125,
    "gaussian_s3": 0.641002813290125,
    "gaussian_s4": 0.641002813290125,
    "gaussian_s5": 0.7086642213596381,
    "mean_noisy": 0.8119368968341583,
    "relative_drop_pct": 99.1453952546947
  }
}