{
  "run_name": "finetune_bnfix_seed42_fold0",
  "init": "finetune_bnfix",
  "fold": 0,
  "seed": 42,
  "config": {
    "lr": 0.0001,
    "weight_decay": 0.0001,
    "batch_size": 32,
    "epochs": 30,
    "patience": 7,
    "min_delta": 0.0,
    "num_workers": 4
  },
  "best_epoch": 29,
  "best_val_loss": 0.12195596536547766,
  "best_val_acc": 0.965251272264631,
  "elapsed_sec": 23765.24995946884,
  "train_history": {
    "loss": [
      3.9594451272602815,
      1.4812864930244578,
      0.8199467941532694,
      0.57984797746058,
      0.4503083587745033,
      0.36911201828976736,
      0.32034291306026297,
      0.28493715920868623,
      0.25764439562164165,
      0.23225266975577483,
      0.21747232388631993,
      0.19796059198192012,
      0.18555221303957964,
      0.17679618822986062,
      0.1674851464242197,
      0.1563768214822197,
      0.14963662958748036,
      0.1416778981186188,
      0.1359798629249376,
      0.12910662028435083,
      0.12674581067618318,
      0.11967793034573947,
      0.11713427350493515,
      0.11134994719453722,
      0.10976868279701597,
      0.10390812876329883,
      0.10114993699214021,
      0.09913789247107133,
      0.0958067488555825,
      0.09406306537496305
    ],
    "acc": [
      0.2667488370243728,
      0.6924376764343366,
      0.8013597868872013,
      0.8465269770585663,
      0.878295097610433,
      0.8972804262255973,
      0.9087710230209535,
      0.9191085841517236,
      0.9241978450161027,
      0.9314738976581448,
      0.935449882708441,
      0.9412747008071249,
      0.9450518866049064,
      0.9465826408492704,
      0.949087511430957,
      0.9524472187984573,
      0.9552701681841677,
      0.9569202019800406,
      0.9588485547294342,
      0.960160629796032,
      0.9626257405272156,
      0.9621685022464316,
      0.9629239394059879,
      0.9655282096139318,
      0.9653890501371715,
      0.9675957218400859,
      0.9686493578784143,
      0.9689276768319351,
      0.9709554292075862,
      0.9700011927955151
    ]
  },
  "val_history": {
    "loss": [
      2.101264929346759,
      0.917067143601619,
      0.5788188193647461,
      0.4407162005389844,
      0.351372720687899,
      0.29851996226108257,
      0.2617815757601619,
      0.23706009234929737,
      0.2230616354012658,
      0.20407453657225078,
      0.19637187958562288,
      0.19076951761592567,
      0.17548423610881217,
      0.16618609053669878,
      0.16287713957762076,
      0.15763611273968037,
      0.15148612238812134,
      0.1522480168355553,
      0.14253297884923077,
      0.13853632747482997,
      0.1372650557193335,
      0.13771877946176878,
      0.136903754893217,
      0.13091746441730825,
      0.13090663265214572,
      0.12742281966334987,
      0.12841585980883488,
      0.12376375716550923,
      0.12965536126544056,
      0.12195596536547766
    ],
    "acc": [
      0.6176844783715013,
      0.7923027989821882,
      0.8544052162849872,
      0.8817589058524173,
      0.9044211195928753,
      0.9165076335877863,
      0.9239821882951654,
      0.9328880407124682,
      0.9359096692111959,
      0.9403625954198473,
      0.9426685750636132,
      0.9434637404580153,
      0.9483937659033079,
      0.950779262086514,
      0.9526876590330788,
      0.9526876590330788,
      0.9543575063613231,
      0.9533237913486005,
      0.9582538167938931,
      0.9580947837150128,
      0.9584128498727735,
      0.9579357506361323,
      0.9600826972010178,
      0.9615139949109415,
      0.9600826972010178,
      0.9607983460559797,
      0.9611164122137404,
      0.9615139949109415,
      0.9604802798982188,
      0.965251272264631
    ]
  },
  "robustness": {
    "clean": 94.74733805776148,
    "gaussian_s1": 1.9728642142373847,
    "gaussian_s2": 0.3881628147145757,
    "gaussian_s3": 0.6338805598091236,
    "gaussian_s4": 0.641002813290125,
    "gaussian_s5": 0.7513977422456465,
    "mean_noisy": 0.8774616288593711,
    "relative_drop_pct": 99.07389310681802
  }
}