{
  "run_name": "finetune_seed42_fold4",
  "init": "finetune",
  "fold": 4,
  "seed": 42,
  "config": {
    "lr": 0.0001,
    "weight_decay": 0.0001,
    "batch_size": 32,
    "epochs": 30,
    "patience": 7,
    "min_delta": 0.0,
    "num_workers": 4
  },
  "best_epoch": 29,
  "best_val_loss": 0.11892954798974467,
  "best_val_acc": 0.9647713717693837,
  "elapsed_sec": 2631.5191543102264,
  "train_history": {
    "loss": [
      3.947823203098437,
      1.4767720016101704,
      0.8160587560715094,
      0.5790337917771683,
      0.4536985472323674,
      0.3780226341202096,
      0.3259139055671638,
      0.28652347800409506,
      0.25773952072902295,
      0.2340568924884854,
      0.21578412747851394,
      0.2039280382580964,
      0.18939276113879563,
      0.17591467125211807,
      0.16790088879193088,
      0.15656556832437982,
      0.15074108179672796,
      0.14515520316576733,
      0.1387090699098206,
      0.13379603086275185,
      0.12792762355868617,
      0.11897375516229391,
      0.11764620288626194,
      0.11301661040241044,
      0.10844893144276299,
      0.10559381932737652,
      0.10248212627778458,
      0.09771607341513829,
      0.09751035804923001,
      0.0960105907324448
    ],
    "acc": [
      0.2767826968570463,
      0.6926028268691728,
      0.8016619287120053,
      0.848140269964018,
      0.8768661908832475,
      0.8939427071944019,
      0.9071824742063097,
      0.9167644076894023,
      0.9244776653479911,
      0.9311770669741367,
      0.9357891179452518,
      0.9395861081844025,
      0.9431445440629783,
      0.9483529809355307,
      0.9497843070989802,
      0.9523090074150647,
      0.9547144305508618,
      0.9559072023537364,
      0.9577758781782398,
      0.9587102160904917,
      0.9604397352046598,
      0.9641770868536668,
      0.9635011828320379,
      0.9651710633560623,
      0.9665029918692722,
      0.9665029918692722,
      0.9676758841420989,
      0.9698228733872731,
      0.9700614277478481,
      0.9696638371468899
    ]
  },
  "val_history": {
    "loss": [
      2.8223022354573426,
      1.8669462168240405,
      1.3772493214730477,
      1.1934190162133507,
      0.8777352985378288,
      0.7737191677662297,
      0.5613008375148887,
      0.41912851814484264,
      0.32868554915632925,
      0.2646020657582501,
      0.23742508666297313,
      0.20792458310871428,
      0.1850924311302765,
      0.1752396899609869,
      0.1557601406284521,
      0.15349193273167724,
      0.15251013054362467,
      0.14694769864868573,
      0.14655703015432917,
      0.14433482431778852,
      0.14167838168502683,
      0.12851533421183794,
      0.1291240128402637,
      0.1277066560484706,
      0.12968244136394433,
      0.1317035370555597,
      0.12329168243655865,
      0.13925588981024403,
      0.12098086985639087,
      0.11892954798974467
    ],
    "acc": [
      0.3005168986083499,
      0.48779324055666,
      0.6217097415506958,
      0.6640159045725647,
      0.7609542743538767,
      0.7897415506958251,
      0.8458051689860835,
      0.8796023856858847,
      0.9052882703777336,
      0.9231013916500994,
      0.9286679920477137,
      0.9388469184890657,
      0.9456858846918489,
      0.9491848906560636,
      0.9540357852882704,
      0.9545924453280318,
      0.9526838966202783,
      0.954751491053678,
      0.9564214711729623,
      0.9570576540755468,
      0.9583300198807158,
      0.9607157057654075,
      0.9607157057654075,
      0.9623061630218688,
      0.9615904572564612,
      0.961272365805169,
      0.9636580516898609,
      0.9588071570576541,
      0.9640556660039762,
      0.9647713717693837
    ]
  },
  "robustness": {
    "clean": 94.95032228197002,
    "gaussian_s1": 1.5526512588583028,
    "gaussian_s2": 0.641002813290125,
    "gaussian_s3": 0.641002813290125,
    "gaussian_s4": 0.641002813290125,
    "gaussian_s5": 0.6374416865496243,
    "mean_noisy": 0.8226202770556604,
    "relative_drop_pct": 99.1336308742452
  }
}