{
  "run_name": "finetune_seed42_fold2",
  "init": "finetune",
  "fold": 2,
  "seed": 42,
  "config": {
    "lr": 0.0001,
    "weight_decay": 0.0001,
    "batch_size": 32,
    "epochs": 30,
    "patience": 7,
    "min_delta": 0.0,
    "num_workers": 4
  },
  "best_epoch": 26,
  "best_val_loss": 0.12605773791982278,
  "best_val_acc": 0.9631043256997456,
  "elapsed_sec": 2624.643479347229,
  "train_history": {
    "loss": [
      3.9495387702503715,
      1.468077206691261,
      0.816823474820824,
      0.5773851198055868,
      0.45187271564865933,
      0.3691929831764939,
      0.3212824757424014,
      0.2834599782641254,
      0.2588631468491594,
      0.2337991506795012,
      0.217075815327973,
      0.20097047072963722,
      0.1893596788198449,
      0.1739650104103195,
      0.1682126518349435,
      0.15737504936723007,
      0.15226208506855812,
      0.1425860829428884,
      0.1418350830062152,
      0.13178924887319013,
      0.12691038216228234,
      0.12176089219606485,
      0.11850779239698687,
      0.11560891765360093,
      0.10870175695625253,
      0.10398167155321339,
      0.1037750723790821,
      0.09671403964943148,
      0.09406786062000219,
      0.09420414284063611
    ],
    "acc": [
      0.2762912011450837,
      0.6930539541171326,
      0.7996302333903225,
      0.8484950896584629,
      0.8779173790306548,
      0.8967834280943103,
      0.9078565464593853,
      0.9187905053476999,
      0.9249334022504075,
      0.9317323366864141,
      0.9361655600174943,
      0.9400819052920361,
      0.9436404119120512,
      0.9474573575603356,
      0.9495646296369926,
      0.9523080593216969,
      0.9540376128185758,
      0.9573575603355732,
      0.9565027235497594,
      0.9583714365233986,
      0.9608564271798338,
      0.9626257405272156,
      0.9640173352948193,
      0.9638781758180589,
      0.9657866486422011,
      0.96751620213908,
      0.9671186036340503,
      0.9695638344399825,
      0.9707566299550714,
      0.9703987913005447
    ]
  },
  "val_history": {
    "loss": [
      2.7479712671905983,
      1.7504627179098493,
      1.3452447557646505,
      1.0737194642235002,
      0.8991903511394981,
      0.7111422361915045,
      0.6331279816499344,
      0.4181222579235794,
      0.3397020109746671,
      0.281244810630328,
      0.23462062180705803,
      0.21514552531280476,
      0.19035550521665345,
      0.17787599063812548,
      0.1668596562838215,
      0.1598046866403158,
      0.15312828860940583,
      0.1516679772063284,
      0.15413624582173535,
      0.1487010069443689,
      0.14577477681554224,
      0.13960108230258966,
      0.14960482025348093,
      0.13418165666047357,
      0.1315383585883807,
      0.1287012388924911,
      0.12605773791982278,
      0.12738111191412907,
      0.12633034369205337,
      0.12753811478064944
    ],
    "acc": [
      0.31774809160305345,
      0.5235368956743003,
      0.625397582697201,
      0.7087309160305344,
      0.7500795165394402,
      0.8041507633587787,
      0.8295165394402035,
      0.8879611959287532,
      0.9089535623409669,
      0.9197678117048346,
      0.9313772264631043,
      0.9381361323155216,
      0.9451335877862596,
      0.9484732824427481,
      0.9510178117048346,
      0.9519720101781171,
      0.955470737913486,
      0.9544370229007634,
      0.9535623409669212,
      0.9559478371501272,
      0.9551526717557252,
      0.9572996183206107,
      0.9549141221374046,
      0.9616730279898219,
      0.9611959287531806,
      0.9621501272264631,
      0.9631043256997456,
      0.9604007633587787,
      0.9625477099236641,
      0.9631043256997456
    ]
  },
  "robustness": {
    "clean": 94.63694312880595,
    "gaussian_s1": 1.4849898507887895,
    "gaussian_s2": 0.4237740821195826,
    "gaussian_s3": 0.7656422492076493,
    "gaussian_s4": 0.641002813290125,
    "gaussian_s5": 0.641002813290125,
    "mean_noisy": 0.7912823617392541,
    "relative_drop_pct": 99.16387582314206
  }
}