{
  "run_name": "finetune_seed123_fold4",
  "init": "finetune",
  "fold": 4,
  "seed": 123,
  "config": {
    "lr": 0.0001,
    "weight_decay": 0.0001,
    "batch_size": 32,
    "epochs": 30,
    "patience": 7,
    "min_delta": 0.0,
    "num_workers": 4
  },
  "best_epoch": 27,
  "best_val_loss": 0.11823325741180694,
  "best_val_acc": 0.9650099403578529,
  "elapsed_sec": 2777.556919336319,
  "train_history": {
    "loss": [
      3.9783568120302766,
      1.4742005041948387,
      0.8021720839803234,
      0.566096992217705,
      0.4454388977503598,
      0.371852942116644,
      0.3178648597988706,
      0.28226033674448503,
      0.252279792756581,
      0.23124753030903963,
      0.21464693713308558,
      0.19931190205793897,
      0.18673929445616017,
      0.17535776876477013,
      0.1662415982666038,
      0.1546476762891029,
      0.14771393717592488,
      0.1424544894343126,
      0.13825825439201772,
      0.12664453812039658,
      0.12544624757117864,
      0.12192485872329145,
      0.11611943766225892,
      0.11193795832776361,
      0.10712380244229833,
      0.10418352203923277,
      0.09995931114284494,
      0.09756687761598432,
      0.09348887812954303,
      0.09293054467941698
    ],
    "acc": [
      0.2705802834820985,
      0.6991034331948393,
      0.8069498837047492,
      0.8552372621911218,
      0.878973421068326,
      0.8974613840128819,
      0.9091505476810529,
      0.9184144086833788,
      0.9270818837842674,
      0.9322704411267717,
      0.9372999622288929,
      0.94189213366996,
      0.9445361111663321,
      0.9485120171759139,
      0.9496252708585969,
      0.9530843090869332,
      0.9549331053813888,
      0.9562650338945987,
      0.9591873248116415,
      0.9621692543188279,
      0.9618313023080134,
      0.9628849174005526,
      0.9642963640339542,
      0.965449376776733,
      0.9669005824702304,
      0.9681132338031528,
      0.9684909448740632,
      0.9692861260759795,
      0.9701210663379918,
      0.970737331769477
    ]
  },
  "val_history": {
    "loss": [
      2.871866487755216,
      1.7677204739502363,
      1.348145255525828,
      1.0786049366281711,
      0.880619294022471,
      0.7281060573120951,
      0.553726217997951,
      0.45264097563789096,
      0.348074872280447,
      0.25915735267265655,
      0.2390320181621472,
      0.20153694190158997,
      0.1839526905442327,
      0.17271977233098704,
      0.15880525547011234,
      0.15299795768369975,
      0.15128107197108728,
      0.14148897967329083,
      0.14137634656064316,
      0.14250631157997587,
      0.14547630080794008,
      0.13334713830233036,
      0.13187424134322356,
      0.12343696298984955,
      0.1330078921977349,
      0.12295180563913069,
      0.12600620547328034,
      0.11823325741180694,
      0.12459329661070767,
      0.12163593597013955
    ],
    "acc": [
      0.3009145129224652,
      0.5246123260437375,
      0.62831013916501,
      0.7118091451292247,
      0.7622266401590457,
      0.8062027833001988,
      0.8515308151093439,
      0.8733200795228628,
      0.9012326043737574,
      0.925248508946322,
      0.9283499005964214,
      0.9413916500994036,
      0.9460834990059642,
      0.9485487077534791,
      0.9520477137176938,
      0.9518091451292247,
      0.9538767395626243,
      0.9572166998011928,
      0.9571371769383697,
      0.95610337972167,
      0.956182902584493,
      0.9605566600397615,
      0.958648111332008,
      0.9609542743538767,
      0.9581709741550696,
      0.9619880715705765,
      0.9606361829025845,
      0.9650099403578529,
      0.9614314115308151,
      0.962465208747515
    ]
  },
  "robustness": {
    "clean": 95.06427833766604,
    "gaussian_s1": 1.050532388447705,
    "gaussian_s2": 0.6374416865496243,
    "gaussian_s3": 0.641002813290125,
    "gaussian_s4": 0.641002813290125,
    "gaussian_s5": 0.8012535166126562,
    "mean_noisy": 0.754246643638047,
    "relative_drop_pct": 99.20659299494288
  }
}