{
  "run_name": "finetune_seed42_fold3",
  "init": "finetune",
  "fold": 3,
  "seed": 42,
  "config": {
    "lr": 0.0001,
    "weight_decay": 0.0001,
    "batch_size": 32,
    "epochs": 30,
    "patience": 7,
    "min_delta": 0.0,
    "num_workers": 4
  },
  "best_epoch": 28,
  "best_val_loss": 0.12934176232902775,
  "best_val_acc": 0.9621471172962227,
  "elapsed_sec": 2624.2224724292755,
  "train_history": {
    "loss": [
      3.9511243214112515,
      1.480981345409224,
      0.8157444530824183,
      0.5782356547510221,
      0.45249831357090037,
      0.3742754743813383,
      0.32171823087583284,
      0.2843049915679878,
      0.25836428874418604,
      0.23210186533984034,
      0.2158270611699347,
      0.20050813429891629,
      0.18571256275994877,
      0.1773859459554379,
      0.1661865672483299,
      0.15864944064379938,
      0.15006398112325334,
      0.14484690936045333,
      0.13918328330036595,
      0.12962687490031588,
      0.12618535577580225,
      0.11892321752237117,
      0.1173224668964876,
      0.11352377538125022,
      0.10732929414445201,
      0.10446603354125486,
      0.10266496036787877,
      0.0969751007034609,
      0.09599646540111349,
      0.09303611355471182
    ],
    "acc": [
      0.272886308967656,
      0.6896010178319385,
      0.7991571079259686,
      0.8479613541935869,
      0.8768264318231517,
      0.8944396954455996,
      0.9064469315945372,
      0.9168439258095938,
      0.9244379062878954,
      0.9313162236844721,
      0.9361668290161621,
      0.9406993618670855,
      0.9445758702264279,
      0.9474981611434705,
      0.9490090054271118,
      0.9519312963441544,
      0.9544758761902868,
      0.9552114188020595,
      0.9571993718068504,
      0.9603602170844682,
      0.9605192533248514,
      0.9628451583404568,
      0.9629644355207443,
      0.9644355207442896,
      0.9663041965687931,
      0.9664035942190327,
      0.9678349203824822,
      0.9701409458680397,
      0.9693656441961712,
      0.9711945609605789
    ]
  },
  "val_history": {
    "loss": [
      2.797649882043569,
      1.7578034874127353,
      1.2761284991713688,
      1.047989257950906,
      0.7798123057011819,
      0.6612202855986108,
      0.539592511592281,
      0.42066058646732013,
      0.32946122379947607,
      0.2746678379266921,
      0.23503793383094948,
      0.20672816115333356,
      0.1984210919249603,
      0.17726667696865606,
      0.17626081000383995,
      0.16735993267809066,
      0.16888927942182624,
      0.16306715578314798,
      0.14999695404045743,
      0.15560728245090774,
      0.15216404082494275,
      0.14769636873607608,
      0.13859987059345183,
      0.1418518203510264,
      0.1433845736296703,
      0.13656239466663916,
      0.13703278871138339,
      0.12945288164966978,
      0.12934176232902775,
      0.13197206699935568
    ],
    "acc": [
      0.31451292246520873,
      0.5184890656063619,
      0.6487475149105367,
      0.7130815109343936,
      0.7890258449304175,
      0.8239363817097416,
      0.8521669980119284,
      0.8859642147117296,
      0.9111729622266401,
      0.9219880715705765,
      0.9352683896620279,
      0.9433001988071571,
      0.9446520874751491,
      0.9493439363817098,
      0.949662027833002,
      0.9499801192842943,
      0.9504572564612326,
      0.9518091451292247,
      0.9576143141153082,
      0.9530019880715705,
      0.95610337972167,
      0.9577733598409542,
      0.9590457256461232,
      0.9590457256461232,
      0.9584890656063618,
      0.9604771371769384,
      0.9598409542743539,
      0.9619880715705765,
      0.9621471172962227,
      0.962465208747515
    ]
  },
  "robustness": {
    "clean": 94.857732986717,
    "gaussian_s1": 0.9258929525301806,
    "gaussian_s2": 0.6231971795876216,
    "gaussian_s3": 0.641002813290125,
    "gaussian_s4": 0.641002813290125,
    "gaussian_s5": 0.641002813290125,
    "mean_noisy": 0.6944197143976354,
    "relative_drop_pct": 99.26793557833089
  }
}