{
  "run_name": "finetune_seed42_fold1",
  "init": "finetune",
  "fold": 1,
  "seed": 42,
  "config": {
    "lr": 0.0001,
    "weight_decay": 0.0001,
    "batch_size": 32,
    "epochs": 30,
    "patience": 7,
    "min_delta": 0.0,
    "num_workers": 4
  },
  "best_epoch": 29,
  "best_val_loss": 0.12471643110269025,
  "best_val_acc": 0.9615935114503816,
  "elapsed_sec": 2615.770430088043,
  "train_history": {
    "loss": [
      3.9502515208341507,
      1.4741944021782596,
      0.8201563704497752,
      0.5743439064377188,
      0.4534379855562008,
      0.3711710636549207,
      0.3229374783630897,
      0.2840148326898066,
      0.25920893173038423,
      0.234208916663095,
      0.21682513782051058,
      0.20351648430104596,
      0.1898405261085662,
      0.17715157791637415,
      0.16978332124113407,
      0.1576915040462919,
      0.15094925693906633,
      0.14420621035737805,
      0.13763333607808215,
      0.13449958546534385,
      0.12603090964114044,
      0.12335335342333116,
      0.11784187922975016,
      0.11345177019245795,
      0.11019242645135897,
      0.10561921347832756,
      0.10279108177375654,
      0.09996787322894189,
      0.09391108570392837,
      0.090230140257983
    ],
    "acc": [
      0.27090374140193235,
      0.6949027871655202,
      0.8019959444952487,
      0.8505029621088624,
      0.8759890262812612,
      0.8965846288417956,
      0.9067432706453024,
      0.9182935072164129,
      0.9240785654645939,
      0.9313347381813845,
      0.9358077213629676,
      0.9395053874597431,
      0.9435211323605424,
      0.946483241223013,
      0.9481133950936345,
      0.9531430161822592,
      0.9547532901276291,
      0.9563238042224961,
      0.9575961194385909,
      0.9586099956264165,
      0.960657627927319,
      0.9633811776867719,
      0.9638781758180589,
      0.9652101308099081,
      0.9658860482684585,
      0.9672577631108107,
      0.9674963222138285,
      0.9687487575046718,
      0.9703789113752932,
      0.9713530277126158
    ]
  },
  "val_history": {
    "loss": [
      2.6648059443359764,
      1.8171021908369986,
      1.4542096749365179,
      1.1477234818174031,
      0.9280933442954495,
      0.7541848014442976,
      0.5419914277682778,
      0.4376073216464911,
      0.34123892113850773,
      0.27756588345715827,
      0.2500469314832591,
      0.22453353559934836,
      0.20333105620736155,
      0.18618629033216358,
      0.16754183190123537,
      0.16189623629803468,
      0.15911083205445473,
      0.15819841036786333,
      0.1523320959367299,
      0.14960175289540806,
      0.13963463522657354,
      0.14211855203177812,
      0.13721239848140007,
      0.1312632068926344,
      0.13707636996248201,
      0.13783997951649218,
      0.13384834044457725,
      0.12942708663819547,
      0.12984316353967565,
      0.12471643110269025
    ],
    "acc": [
      0.3318225190839695,
      0.49157124681933845,
      0.5897741730279898,
      0.683206106870229,
      0.7470578880407125,
      0.7951653944020356,
      0.8509860050890585,
      0.8777830788804071,
      0.9021946564885496,
      0.9205629770992366,
      0.9268447837150128,
      0.9327290076335878,
      0.9407601781170484,
      0.9443384223918575,
      0.9495069974554707,
      0.9504611959287532,
      0.951176844783715,
      0.9516539440203562,
      0.9530057251908397,
      0.9527671755725191,
      0.9573791348600509,
      0.957458651399491,
      0.9579357506361323,
      0.9591284987277354,
      0.9567430025445293,
      0.9578562340966921,
      0.9594465648854962,
      0.9584923664122137,
      0.9599236641221374,
      0.9615935114503816
    ]
  },
  "robustness": {
    "clean": 95.04291157722304,
    "gaussian_s1": 0.7620811224671487,
    "gaussian_s2": 0.687297460916634,
    "gaussian_s3": 0.641002813290125,
    "gaussian_s4": 0.641002813290125,
    "gaussian_s5": 0.6588084469926284,
    "mean_noisy": 0.6780385313913322,
    "relative_drop_pct": 99.28659747461501
  }
}