{
  "run_name": "finetune_seed123_fold3",
  "init": "finetune",
  "fold": 3,
  "seed": 123,
  "config": {
    "lr": 0.0001,
    "weight_decay": 0.0001,
    "batch_size": 32,
    "epochs": 30,
    "patience": 7,
    "min_delta": 0.0,
    "num_workers": 4
  },
  "best_epoch": 29,
  "best_val_loss": 0.12362580892476244,
  "best_val_acc": 0.9636580516898609,
  "elapsed_sec": 2848.0162496566772,
  "train_history": {
    "loss": [
      3.984424936712858,
      1.4765762760869396,
      0.804034199369472,
      0.5632025310289973,
      0.44419355925180787,
      0.36755981946595584,
      0.31671644893090317,
      0.2779495043929755,
      0.25361963845493946,
      0.22736681452568247,
      0.21121966794165475,
      0.1984766921246926,
      0.18460113119841348,
      0.171556008287208,
      0.16112200953256675,
      0.15638194727983667,
      0.14639688583683988,
      0.1420522273073229,
      0.13660431696969638,
      0.1288792789106807,
      0.1279085294155593,
      0.11909196885892194,
      0.11517000218063425,
      0.1112495516406218,
      0.10624016319899911,
      0.10362996155407546,
      0.09925963533931709,
      0.10074860310714112,
      0.09436981534528,
      0.09209298732287699
    ],
    "acc": [
      0.272011609645548,
      0.6997196986263244,
      0.8058763890821621,
      0.8537462974375286,
      0.8792517344889966,
      0.8977993360236964,
      0.9104625966642148,
      0.9198457348468282,
      0.9263065821123989,
      0.9340993578911795,
      0.937936107190426,
      0.9410770729379957,
      0.9442379182156134,
      0.9486511738862493,
      0.952030693994394,
      0.9531837067371728,
      0.9556885275232093,
      0.9570602150965151,
      0.9574776852275212,
      0.9608572053356659,
      0.9601216627238932,
      0.9634017851817983,
      0.9646939546349125,
      0.9653300995964456,
      0.9670993777707095,
      0.9675367274317636,
      0.9679144385026738,
      0.9681529928632487,
      0.9706975727093812,
      0.97137347673101
    ]
  },
  "val_history": {
    "loss": [
      2.888436176999663,
      1.7367184521142343,
      1.3268209816162913,
      0.9966414487575205,
      0.8418513108840282,
      0.6403158191610757,
      0.5146849759648856,
      0.39963668046604334,
      0.33898449545589165,
      0.26224431084117167,
      0.2305719461296472,
      0.20147173280625882,
      0.19116095993260504,
      0.18241865931519458,
      0.17123374979846756,
      0.1704487936752691,
      0.15986225584747776,
      0.15454393639153324,
      0.15345567257130596,
      0.15041535646700954,
      0.148060409566369,
      0.14750437861119597,
      0.13381040046987666,
      0.1391880640341617,
      0.136642643708595,
      0.13793216834152136,
      0.13365748202454142,
      0.13483091470720635,
      0.13481533391575215,
      0.12362580892476244
    ],
    "acc": [
      0.3015506958250497,
      0.5274751491053677,
      0.6366600397614314,
      0.7282703777335984,
      0.7770178926441352,
      0.8237773359840954,
      0.8648906560636183,
      0.89168986083499,
      0.9078330019880716,
      0.9262823061630219,
      0.9344731610337972,
      0.9436978131212723,
      0.9452882703777336,
      0.9478330019880715,
      0.9514910536779324,
      0.9524453280318091,
      0.954910536779324,
      0.9545924453280318,
      0.954831013916501,
      0.9542743538767395,
      0.9570576540755468,
      0.957375745526839,
      0.9614314115308151,
      0.9591252485089463,
      0.9593638170974155,
      0.9596819085487077,
      0.9607952286282306,
      0.9601590457256461,
      0.9615109343936382,
      0.9636580516898609
    ]
  },
  "robustness": {
    "clean": 94.886222000641,
    "gaussian_s1": 0.8795983049036715,
    "gaussian_s2": 0.6303194330686229,
    "gaussian_s3": 0.641002813290125,
    "gaussian_s4": 0.641002813290125,
    "gaussian_s5": 0.641002813290125,
    "mean_noisy": 0.6865852355685338,
    "relative_drop_pct": 99.27641208481892
  }
}