{
  "run_name": "finetune_seed1_fold0",
  "init": "finetune",
  "fold": 0,
  "seed": 1,
  "config": {
    "lr": 0.0001,
    "weight_decay": 0.0001,
    "batch_size": 32,
    "epochs": 30,
    "patience": 7,
    "min_delta": 0.0,
    "num_workers": 4
  },
  "best_epoch": 29,
  "best_val_loss": 0.12422088613175566,
  "best_val_acc": 0.9625477099236641,
  "elapsed_sec": 25835.053245306015,
  "train_history": {
    "loss": [
      3.9711947455130714,
      1.4749640194299771,
      0.8129080797439967,
      0.5730615277590559,
      0.44474821957052263,
      0.37279350104711056,
      0.319704811914456,
      0.28101302406552403,
      0.2575966738764891,
      0.23581656875593668,
      0.21513382808392453,
      0.1970769339867067,
      0.18551451935999805,
      0.17441506843022583,
      0.16747612875317974,
      0.1581613260265146,
      0.14833444898374787,
      0.14436949872617708,
      0.13296714696466916,
      0.1299330920827047,
      0.12600459427874983,
      0.12235224673614925,
      0.11440836567678896,
      0.11218683288602734,
      0.10669273382557784,
      0.1067081487980767,
      0.09959521588905422,
      0.09870046765722483,
      0.09694797174830967,
      0.09536370709505874
    ],
    "acc": [
      0.2736869309371397,
      0.6945648284362451,
      0.8019959444952487,
      0.8506222416603714,
      0.8797662120790426,
      0.8967436682438074,
      0.9091288616754801,
      0.9191483440022266,
      0.9269412747008071,
      0.9310365393026122,
      0.9364836388215181,
      0.9417518190131605,
      0.9442765695200986,
      0.9478350761401138,
      0.9490079917299511,
      0.9515327422368892,
      0.9550514890064014,
      0.9556677666891973,
      0.960160629796032,
      0.9602799093475408,
      0.9622082620969346,
      0.9621088624706771,
      0.9643552940240945,
      0.9652896505109141,
      0.9672577631108107,
      0.966899924456284,
      0.9695837143652339,
      0.9683312790743906,
      0.9693252753369648,
      0.9698023935430002
    ]
  },
  "val_history": {
    "loss": [
      2.772073167122654,
      1.8908044646562814,
      1.4810778942082372,
      1.1756816829054713,
      0.8786817324980525,
      0.7379123342078909,
      0.5924167546512364,
      0.45161496147361724,
      0.34254942295489876,
      0.2660695268315175,
      0.22794705950098146,
      0.2049201601670709,
      0.18831236231136053,
      0.17342710356688976,
      0.16493412983069392,
      0.16245108784938292,
      0.1522475909889005,
      0.15208736051119268,
      0.15313222280462951,
      0.1447376379738479,
      0.1390521020939397,
      0.13415970651133094,
      0.13548962190986016,
      0.13826246088160066,
      0.13419811853412633,
      0.133087755085808,
      0.12487326720853884,
      0.13052669293612998,
      0.12470427034502735,
      0.12422088613175566
    ],
    "acc": [
      0.2985846055979644,
      0.47646310432569977,
      0.5795960559796438,
      0.6726304071246819,
      0.7594624681933843,
      0.7991412213740458,
      0.8360368956743003,
      0.8722964376590331,
      0.9037054707379135,
      0.9230279898218829,
      0.9343988549618321,
      0.9414758269720102,
      0.9425890585241731,
      0.9505407124681934,
      0.9509382951653944,
      0.9510178117048346,
      0.9532442748091603,
      0.9534033078880407,
      0.9555502544529262,
      0.9561068702290076,
      0.9562659033078881,
      0.9598441475826972,
      0.9572201017811705,
      0.9584128498727735,
      0.958571882951654,
      0.9606393129770993,
      0.9618320610687023,
      0.96095737913486,
      0.962468193384224,
      0.9625477099236641
    ]
  },
  "robustness": {
    "clean": 94.8612941134575,
    "gaussian_s1": 0.9828709803781916,
    "gaussian_s2": 0.6303194330686229,
    "gaussian_s3": 0.641002813290125,
    "gaussian_s4": 0.641002813290125,
    "gaussian_s5": 0.758519995726648,
    "mean_noisy": 0.7307432071507425,
    "relative_drop_pct": 99.22967189728959
  }
}