{
  "run_name": "finetune_seed1_fold2",
  "init": "finetune",
  "fold": 2,
  "seed": 1,
  "config": {
    "lr": 0.0001,
    "weight_decay": 0.0001,
    "batch_size": 32,
    "epochs": 30,
    "patience": 7,
    "min_delta": 0.0,
    "num_workers": 4
  },
  "best_epoch": 28,
  "best_val_loss": 0.12407105482387346,
  "best_val_acc": 0.96095737913486,
  "elapsed_sec": 24894.480760097504,
  "train_history": {
    "loss": [
      3.9875679509046607,
      1.4838437491878356,
      0.8185952405091389,
      0.5725724472899469,
      0.45101080654340586,
      0.37442274332463604,
      0.3229389267078494,
      0.2826204737713169,
      0.2565692160436303,
      0.23541527227812042,
      0.21656648513763724,
      0.20113650735785088,
      0.18606537545534504,
      0.1749697641094543,
      0.16571747530139913,
      0.15958496764693875,
      0.15034578120460576,
      0.14622283460320046,
      0.1341308617089682,
      0.12999518580142558,
      0.12504233065628967,
      0.11923831522856966,
      0.11340843051408926,
      0.111194637773985,
      0.10850112205676012,
      0.10445940952337332,
      0.10133414712610583,
      0.09997689230013171,
      0.09694124150134466,
      0.09390497488826886
    ],
    "acc": [
      0.266013279790068,
      0.6919406783030496,
      0.7991531151842869,
      0.8518349171007117,
      0.8788914953679774,
      0.8954315931772097,
      0.9072203888513379,
      0.918174227664904,
      0.9247147230726412,
      0.9319510158641804,
      0.9367420778497872,
      0.9408373424515923,
      0.9456482843624507,
      0.9476561568128504,
      0.9508170649278359,
      0.9519899805176733,
      0.9544550912488569,
      0.9558268060912091,
      0.9588485547294342,
      0.9605383483758101,
      0.961691384040396,
      0.9637191364160471,
      0.9650312114826448,
      0.9650510914078964,
      0.9668800445310326,
      0.9670589638582959,
      0.9683511589996422,
      0.9693849151127192,
      0.9689077969066836,
      0.971114468609598
    ]
  },
  "val_history": {
    "loss": [
      2.776044237325513,
      1.9299870734754714,
      1.5041117430794937,
      1.1668024225771882,
      0.8589778711815523,
      0.704783003123207,
      0.6375467453161421,
      0.4807077594357365,
      0.35348434705742215,
      0.28005487575852156,
      0.2216309307228404,
      0.2154443536733417,
      0.18679430534347474,
      0.18075679040291173,
      0.16421964400212113,
      0.1590686704247773,
      0.1502810862165954,
      0.1449600792855484,
      0.14509335420753228,
      0.14203070311536942,
      0.13823111744511057,
      0.13969338486198,
      0.13343323627405365,
      0.13140055301927123,
      0.12986802873906678,
      0.13297124506159788,
      0.12491800934319211,
      0.12563576835797716,
      0.12407105482387346,
      0.12440263932679232
    ],
    "acc": [
      0.30232188295165396,
      0.47455470737913485,
      0.5772105597964376,
      0.6865458015267175,
      0.7690044529262087,
      0.8091603053435115,
      0.8292779898218829,
      0.8662531806615776,
      0.900365776081425,
      0.920324427480916,
      0.9363867684478372,
      0.9386132315521628,
      0.944895038167939,
      0.9458492366412213,
      0.9510973282442748,
      0.9529262086513995,
      0.9552321882951654,
      0.9563454198473282,
      0.955470737913486,
      0.9557092875318066,
      0.9568225190839694,
      0.9564249363867684,
      0.9594465648854962,
      0.9602417302798982,
      0.9611959287531806,
      0.9596851145038168,
      0.9642175572519084,
      0.9626272264631043,
      0.96095737913486,
      0.9623886768447837
    ]
  },
  "robustness": {
    "clean": 94.72597129731847,
    "gaussian_s1": 1.071899148890709,
    "gaussian_s2": 0.6267583063281222,
    "gaussian_s3": 0.641002813290125,
    "gaussian_s4": 0.641002813290125,
    "gaussian_s5": 0.6694918272141306,
    "mean_noisy": 0.7300309818026424,
    "relative_drop_pct": 99.22932330827066
  }
}