{
  "run_name": "finetune_seed1_fold1",
  "init": "finetune",
  "fold": 1,
  "seed": 1,
  "config": {
    "lr": 0.0001,
    "weight_decay": 0.0001,
    "batch_size": 32,
    "epochs": 30,
    "patience": 7,
    "min_delta": 0.0,
    "num_workers": 4
  },
  "best_epoch": 29,
  "best_val_loss": 0.12968461194767916,
  "best_val_acc": 0.9615935114503816,
  "elapsed_sec": 25850.06635761261,
  "train_history": {
    "loss": [
      3.979580734725084,
      1.484627669594415,
      0.8187697235976085,
      0.5707507103789393,
      0.4497088772426528,
      0.3732530158415243,
      0.3227002480104379,
      0.28649012832408216,
      0.25493335256745603,
      0.234518149572827,
      0.2144531503780088,
      0.20075720131917435,
      0.1873748453139126,
      0.17448066384954616,
      0.1658015725003678,
      0.16077398138761304,
      0.1519683480128266,
      0.14532516407879403,
      0.13672618540927034,
      0.12871697810121732,
      0.1273824380147358,
      0.11991709672750846,
      0.1143996871758714,
      0.11150756294229842,
      0.1093168487555132,
      0.10493544138345011,
      0.10153627644703406,
      0.09878220489286181,
      0.09691933647801182,
      0.09115446450129583
    ],
    "acc": [
      0.2706254224484116,
      0.6947636276887599,
      0.8015585861397161,
      0.8527295137370283,
      0.8774203808993678,
      0.8967436682438074,
      0.9079559460856427,
      0.9169615522245637,
      0.9255099200827005,
      0.9324082541449644,
      0.9360065206154825,
      0.9415728996858972,
      0.9443958490716075,
      0.9481929147946404,
      0.951115263806608,
      0.9520496202934277,
      0.9535604946125402,
      0.9563039242972446,
      0.9583316766728958,
      0.9607570275535764,
      0.9601407498707805,
      0.9636992564907956,
      0.9645540932766092,
      0.9663035266987396,
      0.9662041270724822,
      0.9671384835593018,
      0.9686095980279115,
      0.9689276768319351,
      0.9691463560097014,
      0.9716711065166395
    ]
  },
  "val_history": {
    "loss": [
      2.8242301308850903,
      1.9935001436687305,
      1.6480895736972794,
      1.2689843637721836,
      0.9755721027766172,
      0.7901792586153094,
      0.6296550142685421,
      0.46457920350968535,
      0.33060066200764354,
      0.2813638375394293,
      0.24497048074258704,
      0.22128451723633832,
      0.20093093632540307,
      0.18261794444367896,
      0.17004208650224328,
      0.1667681161388897,
      0.1593835683878388,
      0.15558517105526673,
      0.15012763797586343,
      0.1461991818980776,
      0.14449206882843074,
      0.14132925398077853,
      0.13732892872292296,
      0.1376216386326526,
      0.1311512019687555,
      0.1340227033403073,
      0.1324004458668082,
      0.1373014613207247,
      0.1324600864198137,
      0.12968461194767916
    ],
    "acc": [
      0.2744115776081425,
      0.44600826972010177,
      0.53514631043257,
      0.6490139949109415,
      0.736323155216285,
      0.7838740458015268,
      0.8297550890585241,
      0.8701494910941476,
      0.9064885496183206,
      0.9182569974554707,
      0.9276399491094147,
      0.9359096692111959,
      0.9410782442748091,
      0.946485368956743,
      0.9493479643765903,
      0.9494274809160306,
      0.9521310432569975,
      0.9520515267175572,
      0.9534828244274809,
      0.9537213740458015,
      0.9545960559796438,
      0.9553912213740458,
      0.9569020356234097,
      0.9580152671755725,
      0.9586513994910941,
      0.9575381679389313,
      0.9598441475826972,
      0.9580152671755725,
      0.9604802798982188,
      0.9615935114503816
    ]
  },
  "robustness": {
    "clean": 94.59064848117944,
    "gaussian_s1": 1.132438303479221,
    "gaussian_s2": 0.641002813290125,
    "gaussian_s3": 0.641002813290125,
    "gaussian_s4": 0.641002813290125,
    "gaussian_s5": 0.641002813290125,
    "mean_noisy": 0.7392899113279441,
    "relative_drop_pct": 99.21843234696182
  }
}