{
  "run_name": "finetune_seed123_fold2",
  "init": "finetune",
  "fold": 2,
  "seed": 123,
  "config": {
    "lr": 0.0001,
    "weight_decay": 0.0001,
    "batch_size": 32,
    "epochs": 30,
    "patience": 7,
    "min_delta": 0.0,
    "num_workers": 4
  },
  "best_epoch": 27,
  "best_val_loss": 0.1218789129993372,
  "best_val_acc": 0.9642970737913485,
  "elapsed_sec": 2619.7954823970795,
  "train_history": {
    "loss": [
      3.988617116824509,
      1.4758816807034296,
      0.8012430078679679,
      0.5661417901027768,
      0.4434431840551477,
      0.3664523785602292,
      0.3183201861843182,
      0.282296363243734,
      0.2532018659392207,
      0.23174667107310523,
      0.2126050485334104,
      0.19870915457243132,
      0.18609526755765846,
      0.17727982566577627,
      0.16270136504311963,
      0.1551112300451174,
      0.14849717734473908,
      0.14057397073428274,
      0.1375898550180518,
      0.1318063497452095,
      0.12412675689001035,
      0.1196110413816832,
      0.11428135553663196,
      0.11168713340434522,
      0.10864189989806468,
      0.10647355442964662,
      0.10088282307493422,
      0.0973840875716329,
      0.09581569608262858,
      0.0960748494654914
    ],
    "acc": [
      0.2686374299232635,
      0.6990179316925769,
      0.8077412428929267,
      0.8528885531390402,
      0.8794481332750189,
      0.8981153830861596,
      0.9107192556955986,
      0.9190688243012206,
      0.9267424754482924,
      0.9332432110055267,
      0.9372390759810744,
      0.9405987833485746,
      0.9444952486978649,
      0.9467218003260308,
      0.9517514214146555,
      0.9535803745377918,
      0.9549322094548924,
      0.9572581607093157,
      0.9579738380183691,
      0.9593455528607212,
      0.9607769074788279,
      0.96268538030297,
      0.9643950538745975,
      0.9653890501371715,
      0.965408930062423,
      0.9660848475209733,
      0.9683710389248936,
      0.9703192715995388,
      0.9698421533935032,
      0.9697228738419944
    ]
  },
  "val_history": {
    "loss": [
      2.7670451216115297,
      1.744864533041573,
      1.3100671854637962,
      0.9549858156240927,
      0.7366807869713725,
      0.6688600696538013,
      0.5511180455618687,
      0.4028053372439575,
      0.32550379841969973,
      0.252950217029786,
      0.22656737695360418,
      0.19596529422705855,
      0.18303061903273074,
      0.17627328747418963,
      0.16351355622971606,
      0.15902795626855343,
      0.15141966703979406,
      0.1582284672979654,
      0.14698818014296597,
      0.139417084362583,
      0.13942681562952916,
      0.14098433785036243,
      0.1335588175937908,
      0.13963863062404236,
      0.141715095363129,
      0.14122269456990183,
      0.1287138795563963,
      0.1218789129993372,
      0.12582954799609186,
      0.12325468996075976
    ],
    "acc": [
      0.3102735368956743,
      0.5275922391857506,
      0.6451176844783715,
      0.743718193384224,
      0.8062977099236641,
      0.8217239185750637,
      0.8510655216284987,
      0.8894720101781171,
      0.9111800254452926,
      0.9267652671755725,
      0.9357506361323156,
      0.9423505089058524,
      0.9460082697201018,
      0.9479961832061069,
      0.9522900763358778,
      0.9529262086513995,
      0.955073155216285,
      0.9527671755725191,
      0.9562659033078881,
      0.9600826972010178,
      0.9584923664122137,
      0.9568225190839694,
      0.9586513994910941,
      0.958571882951654,
      0.9565839694656488,
      0.9565044529262087,
      0.9604007633587787,
      0.9642970737913485,
      0.9629452926208651,
      0.9626272264631043
    ]
  },
  "robustness": {
    "clean": 95.02866707026104,
    "gaussian_s1": 1.0540935151882056,
    "gaussian_s2": 0.641002813290125,
    "gaussian_s3": 0.641002813290125,
    "gaussian_s4": 0.641002813290125,
    "gaussian_s5": 0.8867205583846729,
    "mean_noisy": 0.7727645026886506,
    "relative_drop_pct": 99.18680906876523
  }
}