{
  "run_name": "finetune_seed1_fold3",
  "init": "finetune",
  "fold": 3,
  "seed": 1,
  "config": {
    "lr": 0.0001,
    "weight_decay": 0.0001,
    "batch_size": 32,
    "epochs": 30,
    "patience": 7,
    "min_delta": 0.0,
    "num_workers": 4
  },
  "best_epoch": 28,
  "best_val_loss": 0.12526574862613593,
  "best_val_acc": 0.9635785288270378,
  "elapsed_sec": 25201.604217767715,
  "train_history": {
    "loss": [
      3.9657345917050324,
      1.4849046707601217,
      0.8186866105203564,
      0.5792442898204013,
      0.4497380506467898,
      0.3694761641181525,
      0.32363901712093535,
      0.28424308470017684,
      0.25894935036801375,
      0.23131367980342565,
      0.21393948503818683,
      0.20108679924582737,
      0.1852743788480408,
      0.17809639073111624,
      0.16201992067426105,
      0.15677505488601556,
      0.1503418501043425,
      0.14215604598061243,
      0.13625584725968382,
      0.13430221214604027,
      0.12406402609440625,
      0.1197981362604712,
      0.11526159535251224,
      0.11091821508212271,
      0.10871117169583003,
      0.10695668266403675,
      0.10097514372398594,
      0.09775197790885314,
      0.09313779745899754,
      0.09296949965797081
    ],
    "acc": [
      0.2734628153390454,
      0.6902769218535674,
      0.8011848199908554,
      0.847046895811383,
      0.8779198059757868,
      0.8983559628650378,
      0.908236089298849,
      0.9184144086833788,
      0.9255710395006262,
      0.9324692364272509,
      0.9378963481303302,
      0.9408583981074687,
      0.9452120151879609,
      0.9467029799415542,
      0.9513746695028129,
      0.9525674413056875,
      0.9535216587479872,
      0.9568216607359402,
      0.9579349144186231,
      0.9594855177623601,
      0.9615529888873428,
      0.9631831103512712,
      0.9639385324930919,
      0.9650517861757748,
      0.9656282925471642,
      0.9667415462298471,
      0.9680337156829613,
      0.9682523905134882,
      0.9709162475399081,
      0.969405403256267
    ]
  },
  "val_history": {
    "loss": [
      2.711661147938571,
      1.9451650359474166,
      1.5654254813507111,
      1.1515484056889893,
      0.9257113956978497,
      0.7468169791560998,
      0.5879410975282756,
      0.43989874053664996,
      0.35118906469752725,
      0.2693780091173843,
      0.22262652570518773,
      0.2118025726417661,
      0.19220091871132197,
      0.18711845723938042,
      0.1710001739258202,
      0.16308089849340987,
      0.16661276599166408,
      0.1615110001646382,
      0.14595312457257664,
      0.14591708485059307,
      0.14689346949753182,
      0.14880352595350732,
      0.13242352238587785,
      0.14217673667071473,
      0.14059236235605557,
      0.13750598033538336,
      0.13372764637453063,
      0.13897810377832318,
      0.12526574862613593,
      0.1310813362674258
    ],
    "acc": [
      0.3281908548707754,
      0.46449304174950296,
      0.5575347912524851,
      0.6834194831013917,
      0.757375745526839,
      0.8072365805168986,
      0.8439761431411531,
      0.8827833001988071,
      0.904572564612326,
      0.9236580516898608,
      0.9366202783300199,
      0.9395626242544731,
      0.945765407554672,
      0.9460039761431411,
      0.9502186878727634,
      0.9538767395626243,
      0.9533996023856859,
      0.953479125248509,
      0.9576143141153082,
      0.957375745526839,
      0.9567395626242545,
      0.9563419483101392,
      0.961192842942346,
      0.9596819085487077,
      0.9596023856858847,
      0.9589662027833002,
      0.9622266401590457,
      0.9584890656063618,
      0.9635785288270378,
      0.9616699801192843
    ]
  },
  "robustness": {
    "clean": 94.64406538228695,
    "gaussian_s1": 1.0327267547452015,
    "gaussian_s2": 0.5021188704105979,
    "gaussian_s3": 0.641002813290125,
    "gaussian_s4": 0.641002813290125,
    "gaussian_s5": 0.641002813290125,
    "mean_noisy": 0.6915708130052348,
    "relative_drop_pct": 99.2692929977048
  }
}