{
  "run_name": "random_init_seed42_fold1",
  "init": "random_init",
  "fold": 1,
  "seed": 42,
  "config": {
    "lr": 0.0003,
    "weight_decay": 0.0001,
    "batch_size": 32,
    "epochs": 30,
    "patience": 7,
    "min_delta": 0.0,
    "num_workers": 4
  },
  "best_epoch": 27,
  "best_val_loss": 0.12007738640602665,
  "best_val_acc": 0.9663645038167938,
  "elapsed_sec": 2567.401230096817,
  "train_history": {
    "loss": [
      2.4662729594101847,
      0.6088669551451644,
      0.38319259772959163,
      0.29342214445897935,
      0.25828573528964127,
      0.2142881028125179,
      0.19572858834467155,
      0.18358088630110098,
      0.16868762359539133,
      0.15503576926506818,
      0.14690575282617116,
      0.14011883299718828,
      0.1324690571195157,
      0.1249248342374737,
      0.1211860675168774,
      0.111429853185974,
      0.10817040631175871,
      0.1074809855807231,
      0.10167646321639982,
      0.09945005490148923,
      0.09492683632523775,
      0.09186296624833463,
      0.09182740995850533,
      0.08805127122542866,
      0.08550883479060001,
      0.08204819205802533,
      0.08085642061301616,
      0.08083356386527148,
      0.07540002738790556,
      0.07339810190141653
    ],
    "acc": [
      0.39771778458113,
      0.8207824738578983,
      0.8843783547373862,
      0.9113355333783945,
      0.9200031807880402,
      0.9339390083893284,
      0.9394855075344917,
      0.9430042543040038,
      0.9471989185320663,
      0.9505983857500696,
      0.9537394139398035,
      0.955946085642718,
      0.9577750387658542,
      0.9602799093475408,
      0.9604588286748041,
      0.9639775754443163,
      0.9654884497634288,
      0.9658860482684585,
      0.9672975229613137,
      0.9683511589996422,
      0.9689873166076896,
      0.9701602321975269,
      0.9704385511510477,
      0.9720090652459147,
      0.9728042622559739,
      0.9737783785932965,
      0.9730229414337402,
      0.9733211403125124,
      0.9750308138841398,
      0.9755874517911812
    ]
  },
  "val_history": {
    "loss": [
      0.8282619677247057,
      0.4922202871869491,
      0.29574143727109753,
      0.28373541563692145,
      0.20515252270264214,
      0.20719628201432658,
      0.2517146197568747,
      0.17930618293882986,
      0.17537043376331948,
      0.15632529184897978,
      0.16671630496718046,
      0.16197261597424323,
      0.17139649102792753,
      0.1500700165147244,
      0.14913217015255076,
      0.1455810782041948,
      0.15014314923364763,
      0.13714397210549037,
      0.15023474110753932,
      0.1356872673034515,
      0.15639269074495132,
      0.13363626899400993,
      0.13504576168109594,
      0.12802185092521948,
      0.13877504661453455,
      0.13745627348104658,
      0.13135459293975008,
      0.12007738640602665,
      0.13247202230807978,
      0.13095832372264019
    ],
    "acc": [
      0.7540553435114504,
      0.8449427480916031,
      0.9122932569974554,
      0.910941475826972,
      0.9383746819338422,
      0.9390108142493638,
      0.9266857506361323,
      0.9440998727735369,
      0.9481552162849872,
      0.9536418575063613,
      0.9510973282442748,
      0.9524491094147582,
      0.9485527989821882,
      0.9560273536895675,
      0.9571405852417303,
      0.9588104325699746,
      0.9582538167938931,
      0.9595260814249363,
      0.9573791348600509,
      0.9615139949109415,
      0.9564249363867684,
      0.9599236641221374,
      0.9616730279898219,
      0.9634223918575063,
      0.9576972010178118,
      0.9614344783715013,
      0.9630248091603053,
      0.9663645038167938,
      0.9633428753180662,
      0.9634223918575063
    ]
  },
  "robustness": {
    "clean": 95.70884227769666,
    "gaussian_s1": 95.71240340443717,
    "gaussian_s2": 95.72308678465866,
    "gaussian_s3": 94.97168904241302,
    "gaussian_s4": 64.34956020084755,
    "gaussian_s5": 13.258074854884086,
    "mean_noisy": 72.8029628574481,
    "relative_drop_pct": 23.932876916207768
  }
}