{
  "run_name": "random_init_seed1_fold0",
  "init": "random_init",
  "fold": 0,
  "seed": 1,
  "config": {
    "lr": 0.0003,
    "weight_decay": 0.0001,
    "batch_size": 32,
    "epochs": 30,
    "patience": 7,
    "min_delta": 0.0,
    "num_workers": 4
  },
  "best_epoch": 25,
  "best_val_loss": 0.12166387912630847,
  "best_val_acc": 0.9650922391857506,
  "elapsed_sec": 2595.399034500122,
  "train_history": {
    "loss": [
      2.424134472403193,
      0.6020330354464106,
      0.3770377986199159,
      0.295124970539124,
      0.25335985956836715,
      0.21765034612232514,
      0.19192235064795182,
      0.18164303392192005,
      0.1680698908480644,
      0.16036079401156048,
      0.1441184969097619,
      0.13451516989952247,
      0.13073499816596154,
      0.12097341989559433,
      0.11907629553655341,
      0.11518944111748541,
      0.10952268587012474,
      0.10817728305219879,
      0.0970559972458168,
      0.09736358754010681,
      0.09765460822601062,
      0.09813597375680844,
      0.08775960238374425,
      0.08805764416193973,
      0.08594335072956502,
      0.08345735125819247,
      0.08174758755856444,
      0.0773749372963616,
      0.07985714186311911,
      0.07854377159494884
    ],
    "acc": [
      0.40835354459067236,
      0.822710826607292,
      0.8873603435251084,
      0.9094469404795038,
      0.9217526142101705,
      0.9324678939207188,
      0.9412548208818735,
      0.9437199316130571,
      0.9467019204007793,
      0.9504592262733093,
      0.9547334102023777,
      0.9580931175698779,
      0.9583714365233986,
      0.9613136654606179,
      0.9620492226949227,
      0.9635004572382808,
      0.9655083296886804,
      0.966363166474494,
      0.9695041946642281,
      0.9682517593733847,
      0.9687288775794203,
      0.968013200270367,
      0.9719096656196573,
      0.971233748161107,
      0.972645222853962,
      0.9730030615084887,
      0.973301260387261,
      0.9751500934356487,
      0.9740765774720687,
      0.9752097332114031
    ]
  },
  "val_history": {
    "loss": [
      0.8578004455383459,
      0.5067081066445653,
      0.3839230962872562,
      0.2630961654659209,
      0.21664668619143954,
      0.2616382151389527,
      0.19125044465022198,
      0.21249028881439322,
      0.1663268194155183,
      0.16561091077072176,
      0.16926095817990053,
      0.15690937461399304,
      0.1492323123406391,
      0.16699995323875652,
      0.14864717835143199,
      0.1466655351835681,
      0.14895174977292153,
      0.14701628592311833,
      0.13251067924504228,
      0.14763198528906024,
      0.14642200231669827,
      0.12396836949442644,
      0.12760967255665284,
      0.13402990442832688,
      0.12773706928552309,
      0.12166387912630847,
      0.1244394443290368,
      0.12469355938686956,
      0.15888866058738926,
      0.12255145404557716
    ],
    "acc": [
      0.7391062340966921,
      0.8465330788804071,
      0.8845419847328244,
      0.9138040712468194,
      0.9351940203562341,
      0.9208015267175572,
      0.9430661577608143,
      0.9362277353689568,
      0.9494274809160306,
      0.9493479643765903,
      0.9475986005089059,
      0.9529262086513995,
      0.9540394402035624,
      0.9498250636132316,
      0.9562659033078881,
      0.9549141221374046,
      0.9541984732824428,
      0.9553117048346056,
      0.959764631043257,
      0.9581743002544529,
      0.9568225190839694,
      0.9623091603053435,
      0.9616730279898219,
      0.9612754452926209,
      0.962468193384224,
      0.9650922391857506,
      0.9638199745547074,
      0.9642970737913485,
      0.9545960559796438,
      0.9643765903307888
    ]
  },
  "robustness": {
    "clean": 95.83704284035468,
    "gaussian_s1": 95.83348171361419,
    "gaussian_s2": 95.82279833339268,
    "gaussian_s3": 95.76582030554468,
    "gaussian_s4": 95.56639720807664,
    "gaussian_s5": 93.75378369716178,
    "mean_noisy": 95.34845625155799,
    "relative_drop_pct": 0.5098097502972627
  }
}