{
  "run_name": "random_init_seed123_fold2",
  "init": "random_init",
  "fold": 2,
  "seed": 123,
  "config": {
    "lr": 0.0003,
    "weight_decay": 0.0001,
    "batch_size": 32,
    "epochs": 30,
    "patience": 7,
    "min_delta": 0.0,
    "num_workers": 4
  },
  "best_epoch": 20,
  "best_val_loss": 0.11548639787103163,
  "best_val_acc": 0.967954834605598,
  "elapsed_sec": 2454.1685495376587,
  "train_history": {
    "loss": [
      2.458460970947005,
      0.6258573595818495,
      0.3869672895774164,
      0.30003525483020993,
      0.24710422413144678,
      0.21388021973529198,
      0.1985062898143822,
      0.17986528577049665,
      0.16466324598048582,
      0.1522193400304145,
      0.1441605013478708,
      0.13984518934446066,
      0.12719794921228902,
      0.12725814188845774,
      0.11934356732513696,
      0.1118750162536707,
      0.11077053270057098,
      0.10714510224820603,
      0.10276809004305949,
      0.0994138800291758,
      0.09668203816632476,
      0.08931470329610615,
      0.08923749665970651,
      0.09126032883249759,
      0.08847499711373176,
      0.08344985621968992,
      0.08279864385654157,
      0.07742076431985433
    ],
    "acc": [
      0.39859250129219514,
      0.8163492505268181,
      0.8838614766808477,
      0.9083336646654209,
      0.9240189256888394,
      0.9340384080155859,
      0.9385710309729235,
      0.943878971015069,
      0.9489881118046997,
      0.9528845771539899,
      0.9546538905013717,
      0.9562244045962387,
      0.9593654327859727,
      0.9602799093475408,
      0.9613534253111208,
      0.9645342133513578,
      0.96483241223013,
      0.9658860482684585,
      0.967476442288577,
      0.9678541608683552,
      0.9689276768319351,
      0.9715915868156336,
      0.9710548288338435,
      0.9702397518985328,
      0.9713530277126158,
      0.9735596994155302,
      0.9734205399387699,
      0.9751302135103972
    ]
  },
  "val_history": {
    "loss": [
      0.8748401681520519,
      0.536842618580154,
      0.3517066193347603,
      0.2957066721749079,
      0.22413106467788116,
      0.2306615213590231,
      0.2029681265005799,
      0.1812664105915112,
      0.15636385498776809,
      0.17171614120005646,
      0.17644282126500302,
      0.16860019697511286,
      0.14687525412992003,
      0.20967621879358733,
      0.1516487824120287,
      0.1452690177004963,
      0.13332626920533833,
      0.13055222646269474,
      0.1285790330389046,
      0.13054143459149223,
      0.11548639787103163,
      0.12510848612078382,
      0.16136532413879973,
      0.1379521025364611,
      0.13589178721484158,
      0.1260437316727369,
      0.13616670895692762,
      0.1175907117173879
    ],
    "acc": [
      0.7408555979643766,
      0.83595737913486,
      0.8913008905852418,
      0.9050572519083969,
      0.9301844783715013,
      0.9303435114503816,
      0.9371819338422391,
      0.9475190839694656,
      0.9541984732824428,
      0.9484732824427481,
      0.9475190839694656,
      0.9510178117048346,
      0.9569020356234097,
      0.9390903307888041,
      0.9556297709923665,
      0.9557092875318066,
      0.9608778625954199,
      0.9602417302798982,
      0.9636609414758269,
      0.9619115776081425,
      0.967954834605598,
      0.9623091603053435,
      0.9527671755725191,
      0.9592875318066157,
      0.9623091603053435,
      0.964456106870229,
      0.9614344783715013,
      0.9670801526717557
    ]
  },
  "robustness": {
    "clean": 95.64118086962715,
    "gaussian_s1": 95.64474199636766,
    "gaussian_s2": 84.44855952423347,
    "gaussian_s3": 27.050318720843276,
    "gaussian_s4": 9.94622698621844,
    "gaussian_s5": 5.523307574516577,
    "mean_noisy": 44.52263096043588,
    "relative_drop_pct": 53.448263022675654
  }
}