{
  "run_name": "random_init_seed123_fold3",
  "init": "random_init",
  "fold": 3,
  "seed": 123,
  "config": {
    "lr": 0.0003,
    "weight_decay": 0.0001,
    "batch_size": 32,
    "epochs": 30,
    "patience": 7,
    "min_delta": 0.0,
    "num_workers": 4
  },
  "best_epoch": 22,
  "best_val_loss": 0.12485984597907558,
  "best_val_acc": 0.9631809145129224,
  "elapsed_sec": 2652.97430229187,
  "train_history": {
    "loss": [
      2.6089850143606808,
      0.6537389061168855,
      0.4033168658536843,
      0.3098027853682636,
      0.2648405570075403,
      0.22131461139384082,
      0.2004425466144175,
      0.1813791438516469,
      0.16995748918138198,
      0.156215048269441,
      0.14834151847303084,
      0.14219458630454068,
      0.12842340964375248,
      0.1256493271233142,
      0.11844881149114957,
      0.11672526396393475,
      0.1082092033086296,
      0.10694367737374841,
      0.10627273875497784,
      0.09696121851395435,
      0.1011376723585206,
      0.09283985658615701,
      0.09424715792827311,
      0.08701196185881757,
      0.08389058154605623,
      0.08475790290440088,
      0.0805493122447683,
      0.08143209269549459,
      0.07604445843832337,
      0.07543716286543176
    ],
    "acc": [
      0.3674532334055623,
      0.8080034987972884,
      0.8779595650358826,
      0.905393316501998,
      0.9183348905631871,
      0.9314553803948075,
      0.9369023716279347,
      0.9430650259427867,
      0.947180088662704,
      0.9496252708585969,
      0.952030693994394,
      0.9553704550424428,
      0.9592072043416894,
      0.9595650358825517,
      0.9622487724390195,
      0.963043953640936,
      0.9650915452358706,
      0.9653499791264935,
      0.9659861240880265,
      0.9694252827863149,
      0.9676957636721468,
      0.9706180545891895,
      0.9699222710375127,
      0.9712740790807706,
      0.9720891398127348,
      0.9723873327634535,
      0.9736198636264238,
      0.973142754905274,
      0.9758463709917897,
      0.9759258891119814
    ]
  },
  "val_history": {
    "loss": [
      1.0169570038854245,
      0.4367526708540338,
      0.31637019844314684,
      0.2669995455652712,
      0.25952167253926484,
      0.21036978306356174,
      0.19555014944996382,
      0.1888594807860688,
      0.20442319912902612,
      0.17443667910780172,
      0.1648765081723515,
      0.14328035910084297,
      0.15876858461721188,
      0.19912436574636394,
      0.1353735500929931,
      0.14358304476869066,
      0.14724381824013608,
      0.14246476328594884,
      0.13545162450968867,
      0.14094478189423087,
      0.1416931598444891,
      0.13277323434300914,
      0.12485984597907558,
      0.13808568862352646,
      0.13694011192109087,
      0.133818875888525,
      0.13815154485410855,
      0.13071352013559442,
      0.12836599891147962,
      0.12962829505290063
    ],
    "acc": [
      0.6925646123260437,
      0.8679125248508947,
      0.8999602385685884,
      0.9182504970178926,
      0.9219880715705765,
      0.9378131212723658,
      0.9421868787276342,
      0.9453677932405566,
      0.9374155069582505,
      0.9500596421471172,
      0.9518091451292247,
      0.9564214711729623,
      0.9546719681908549,
      0.9425049701789264,
      0.9619085487077534,
      0.9601590457256461,
      0.9589662027833002,
      0.9595228628230617,
      0.9630218687872764,
      0.9597614314115308,
      0.9618290258449305,
      0.9621471172962227,
      0.9631809145129224,
      0.962465208747515,
      0.9625447316103379,
      0.9635785288270378,
      0.9627833001988072,
      0.9641351888667992,
      0.9655666003976143,
      0.9652485089463221
    ]
  },
  "robustness": {
    "clean": 95.45244115238062,
    "gaussian_s1": 95.45244115238062,
    "gaussian_s2": 95.43819664541861,
    "gaussian_s3": 95.4275132651971,
    "gaussian_s4": 95.4061465047541,
    "gaussian_s5": 93.96389017485133,
    "mean_noisy": 95.13763754852036,
    "relative_drop_pct": 0.32980152216086533
  }
}