{
  "run_name": "random_init_seed1_fold4",
  "init": "random_init",
  "fold": 4,
  "seed": 1,
  "config": {
    "lr": 0.0003,
    "weight_decay": 0.0001,
    "batch_size": 32,
    "epochs": 30,
    "patience": 7,
    "min_delta": 0.0,
    "num_workers": 4
  },
  "best_epoch": 29,
  "best_val_loss": 0.11398824399421302,
  "best_val_acc": 0.9684294234592445,
  "elapsed_sec": 2602.038079023361,
  "train_history": {
    "loss": [
      2.4695082998720337,
      0.6064202466608338,
      0.37652169182362516,
      0.29746836712074204,
      0.2449095949379229,
      0.21388690130287777,
      0.19887767062105105,
      0.17372088948856768,
      0.16626669760294524,
      0.15246780553445963,
      0.1439051359045864,
      0.1393875231820447,
      0.12512964400519144,
      0.12686030751094332,
      0.12167069448139149,
      0.11427713672266332,
      0.10794845025961179,
      0.10559656333075416,
      0.10487657200365189,
      0.09907625268772934,
      0.09341425058064545,
      0.08894302546698062,
      0.08998669791404806,
      0.08724832366332534,
      0.08573334032474042,
      0.0841675673751078,
      0.07983604424051165,
      0.07811459114236778,
      0.07890407433822028,
      0.07387757062111579
    ],
    "acc": [
      0.3968948174065165,
      0.8220980856012564,
      0.8854939069240403,
      0.9097469335824901,
      0.9249945331292369,
      0.9340595988310836,
      0.9378367095401865,
      0.9465041846410751,
      0.947180088662704,
      0.9517126215136275,
      0.9548535872611972,
      0.9564837087251258,
      0.9600819036637974,
      0.9600222650736536,
      0.961493350297199,
      0.9644355207442896,
      0.9644752798043854,
      0.9660258831481224,
      0.9673578116613323,
      0.9678945589726259,
      0.9699222710375127,
      0.9708367294197165,
      0.9708963680098602,
      0.9714331153211538,
      0.9729042005446992,
      0.9727650438343638,
      0.9740572132874779,
      0.974693358249011,
      0.9742957676480528,
      0.9756475756913107
    ]
  },
  "val_history": {
    "loss": [
      1.1289139048195265,
      0.38193339172165625,
      2.5359418912910323,
      0.33798089373745693,
      0.21908159812891978,
      0.20963129789594406,
      0.19394867424734996,
      0.27257132787537014,
      0.17946727549398472,
      0.16752570434227665,
      0.17633986677696037,
      0.7781167726160655,
      0.17082599974676427,
      0.13478864914593947,
      0.15965894663544644,
      0.1316342201707658,
      0.13791317041467244,
      0.13802521132663245,
      0.15536723854980722,
      0.14401873501818074,
      0.12561911369858497,
      0.1420327219777721,
      0.15577857477125706,
      0.16373574504898697,
      0.13970042327845383,
      0.1450128131868664,
      0.11869929686845501,
      0.1356931477615698,
      0.12067327780549604,
      0.11398824399421302
    ],
    "acc": [
      0.6730019880715705,
      0.8837375745526839,
      0.7400397614314115,
      0.9009145129224652,
      0.9332007952286282,
      0.9377335984095427,
      0.9390059642147117,
      0.9254075546719682,
      0.9473558648111332,
      0.9510934393638171,
      0.9478330019880715,
      0.8732405566600397,
      0.9515705765407555,
      0.9585685884691849,
      0.9531610337972167,
      0.960079522862823,
      0.9616699801192843,
      0.9618290258449305,
      0.954831013916501,
      0.9579324055666004,
      0.9638170974155069,
      0.958727634194831,
      0.9576143141153082,
      0.9564214711729623,
      0.9617495029821074,
      0.9615109343936382,
      0.9681113320079523,
      0.962624254473161,
      0.9663618290258449,
      0.9684294234592445
    ]
  },
  "robustness": {
    "clean": 96.07919945870873,
    "gaussian_s1": 96.08632171218974,
    "gaussian_s2": 96.07207720522773,
    "gaussian_s3": 96.07919945870873,
    "gaussian_s4": 96.07563833196824,
    "gaussian_s5": 95.11769523877355,
    "mean_noisy": 95.88618638937359,
    "relative_drop_pct": 0.2008895478131946
  }
}