{
  "run_name": "random_init_seed1_fold3",
  "init": "random_init",
  "fold": 3,
  "seed": 1,
  "config": {
    "lr": 0.0003,
    "weight_decay": 0.0001,
    "batch_size": 32,
    "epochs": 30,
    "patience": 7,
    "min_delta": 0.0,
    "num_workers": 4
  },
  "best_epoch": 24,
  "best_val_loss": 0.12407132985647563,
  "best_val_acc": 0.9648508946322067,
  "elapsed_sec": 2600.3511850833893,
  "train_history": {
    "loss": [
      2.5278072060949652,
      0.624999898663928,
      0.37854507494522105,
      0.294179137668119,
      0.24731159311248477,
      0.21768669345244188,
      0.19370978854017046,
      0.17832290320658953,
      0.16715683101982093,
      0.15791593910157034,
      0.14237638523860036,
      0.140482187324143,
      0.12918840104961868,
      0.12590629544209156,
      0.1187690790765075,
      0.11724691844802264,
      0.10805330241335871,
      0.10823503323854677,
      0.10482728654941625,
      0.10186231919075105,
      0.0926453385898231,
      0.09431481951379225,
      0.08908339531817944,
      0.08727784971844223,
      0.08538062361330834,
      0.08419682538683788,
      0.08402803399551081,
      0.0778069399442889,
      0.07480753679504248,
      0.07653483649088018
    ],
    "acc": [
      0.38608035306045363,
      0.8162733832972189,
      0.8842613760610699,
      0.9097071745223942,
      0.924080074747033,
      0.933542731049838,
      0.9393674333538755,
      0.9444168339860446,
      0.9474385225533268,
      0.9503608134703696,
      0.9545553943104785,
      0.9554897322227303,
      0.9589090113909707,
      0.9597837107130788,
      0.9627258811601693,
      0.9627258811601693,
      0.9654891358368288,
      0.9657276901974038,
      0.9655288948969246,
      0.9673975707214282,
      0.970280102578375,
      0.9704192592887104,
      0.9714529948512017,
      0.9716319106216329,
      0.972268055583166,
      0.9726855257141721,
      0.9735204659761844,
      0.9747927558992505,
      0.9752499850903524,
      0.9752102260302566
    ]
  },
  "val_history": {
    "loss": [
      0.9505677766212175,
      0.4091906136736481,
      0.299349173941681,
      0.26587329648183305,
      0.24299460011702884,
      0.22561200945725143,
      0.2083239266074172,
      0.16703496346182595,
      0.17656502475147368,
      0.1729927084609592,
      0.17913297753935684,
      0.17608344980212234,
      0.1621756577374743,
      0.18220053632702923,
      0.17009730728053826,
      0.1536464627722332,
      2.523483223021771,
      0.14631058122249235,
      0.14401462842986196,
      0.13473902052857176,
      0.1549041063538079,
      0.14074507592290691,
      0.13490951008556148,
      0.13985565844205441,
      0.12407132985647563,
      0.134269766223328,
      0.1321060926355764,
      0.1386213076824869,
      0.12678996291916625,
      0.15009671679518882
    ],
    "acc": [
      0.7145129224652087,
      0.87610337972167,
      0.9074353876739563,
      0.9193638170974155,
      0.9273956262425447,
      0.9311332007952287,
      0.9359840954274354,
      0.9487872763419483,
      0.9474353876739563,
      0.9487077534791253,
      0.9490258449304175,
      0.9495029821073558,
      0.9539562624254473,
      0.9472763419483101,
      0.9511729622266402,
      0.9553876739562625,
      0.8169383697813122,
      0.9594433399602386,
      0.9591252485089463,
      0.9630218687872764,
      0.9572962226640159,
      0.9607952286282306,
      0.9629423459244533,
      0.9627037773359841,
      0.9648508946322067,
      0.9617495029821074,
      0.9655666003976143,
      0.9616699801192843,
      0.9648508946322067,
      0.9597614314115308
    ]
  },
  "robustness": {
    "clean": 95.68747551725366,
    "gaussian_s1": 95.69815889747517,
    "gaussian_s2": 95.66254763007015,
    "gaussian_s3": 95.50941918022862,
    "gaussian_s4": 95.10701185855204,
    "gaussian_s5": 92.64983440760656,
    "mean_noisy": 94.92539439478651,
    "relative_drop_pct": 0.7964272422776358
  }
}