{
  "run_name": "random_init_seed1_fold1",
  "init": "random_init",
  "fold": 1,
  "seed": 1,
  "config": {
    "lr": 0.0003,
    "weight_decay": 0.0001,
    "batch_size": 32,
    "epochs": 30,
    "patience": 7,
    "min_delta": 0.0,
    "num_workers": 4
  },
  "best_epoch": 18,
  "best_val_loss": 0.12495929392583999,
  "best_val_acc": 0.9629452926208651,
  "elapsed_sec": 2244.4374017715454,
  "train_history": {
    "loss": [
      2.4224824052383864,
      0.6050028307201573,
      0.37652877551874847,
      0.29667370602139553,
      0.2495127026923186,
      0.22047675565411842,
      0.19748097298736672,
      0.17804550601571678,
      0.16411538116038757,
      0.1557431631255321,
      0.1439206085761145,
      0.1372954011790525,
      0.1319338145843676,
      0.12121553650909918,
      0.12034462233726502,
      0.11458518218128663,
      0.11133596713336505,
      0.10977322742419081,
      0.10048764257465441,
      0.09974046828523933,
      0.09713077465419831,
      0.09404372658830415,
      0.09097179274085213,
      0.08742068359768068,
      0.08555730696246049,
      0.08365639047088796
    ],
    "acc": [
      0.40624627251401535,
      0.8224921474295257,
      0.8841795554848714,
      0.9105800962188382,
      0.9233628881555406,
      0.932308854518707,
      0.9383523517951573,
      0.9444753687726134,
      0.9492067909824659,
      0.9510357441056022,
      0.954335811697348,
      0.9572184008588128,
      0.9577949186911057,
      0.9610154665818457,
      0.961731143890899,
      0.9646932527533697,
      0.9644546936503519,
      0.9652697705856625,
      0.9682119995228818,
      0.9676354816905889,
      0.9683710389248936,
      0.9697029939167429,
      0.9704385511510477,
      0.9724066637509443,
      0.9719295455449087,
      0.972267504274184
    ]
  },
  "val_history": {
    "loss": [
      0.8698340729115953,
      0.504128643335258,
      0.34917507405835974,
      0.32272655020957297,
      0.2896768243289636,
      0.20936066035860226,
      1.8773244719089746,
      0.19834990743292927,
      0.16514288495677912,
      0.1948061258750645,
      0.2985413187238537,
      0.1518474624691678,
      0.1535768662780187,
      0.14968223886651907,
      2.660120223267312,
      0.1431912450360552,
      0.1418185012111831,
      0.1472560252285578,
      0.12495929392583999,
      0.13218664065440905,
      0.12957354697591283,
      0.1364000314806523,
      0.14374007263537822,
      0.1265294775950356,
      3.410004439879844,
      2.3474838130102604
    ],
    "acc": [
      0.7452290076335878,
      0.8414440203562341,
      0.8927321882951654,
      0.8947996183206107,
      0.9091125954198473,
      0.9359891857506362,
      0.7849077608142494,
      0.9425095419847328,
      0.9516539440203562,
      0.9400445292620865,
      0.916030534351145,
      0.955470737913486,
      0.9545960559796438,
      0.9561068702290076,
      0.7681297709923665,
      0.9572201017811705,
      0.9571405852417303,
      0.9607983460559797,
      0.9629452926208651,
      0.9627862595419847,
      0.9614344783715013,
      0.961354961832061,
      0.9591284987277354,
      0.9635814249363868,
      0.7658237913486005,
      0.8112277353689568
    ]
  },
  "robustness": {
    "clean": 95.27082368861508,
    "gaussian_s1": 95.26726256187457,
    "gaussian_s2": 95.29575157579858,
    "gaussian_s3": 95.26014030839357,
    "gaussian_s4": 94.98593354937502,
    "gaussian_s5": 84.58744346711299,
    "mean_noisy": 93.07930629251095,
    "relative_drop_pct": 2.300302769782833
  }
}