{
  "run_name": "random_init_seed123_fold1",
  "init": "random_init",
  "fold": 1,
  "seed": 123,
  "config": {
    "lr": 0.0003,
    "weight_decay": 0.0001,
    "batch_size": 32,
    "epochs": 30,
    "patience": 7,
    "min_delta": 0.0,
    "num_workers": 4
  },
  "best_epoch": 29,
  "best_val_loss": 0.12144597198980203,
  "best_val_acc": 0.9650127226463104,
  "elapsed_sec": 2566.3323845863342,
  "train_history": {
    "loss": [
      2.5550651534912503,
      0.6280252932340961,
      0.3845997672428938,
      0.29452859956912886,
      0.24711304662251424,
      0.2154363319351822,
      0.19538078152736676,
      0.17762033052847348,
      0.16264051514181918,
      0.15127501294926574,
      0.14269829163420608,
      0.1355645983699093,
      0.13008364284933407,
      0.12217634801603748,
      0.12027419761162735,
      0.11179385569729694,
      0.11491424651699253,
      0.1045605287999762,
      0.10349809112989529,
      0.09871168210785515,
      0.09867955781533669,
      0.09329340612315627,
      0.091906794131655,
      0.08829546368693003,
      0.08501132244307463,
      0.08424123337591104,
      0.0841232936064008,
      0.07918905862296942,
      0.07874602446366122,
      0.07542090301240947
    ],
    "acc": [
      0.38010417080831777,
      0.8156534531430162,
      0.8838813566060991,
      0.9097053795077731,
      0.9251918412786768,
      0.9346149258478789,
      0.9398632261142698,
      0.9456681642877023,
      0.9486501530754244,
      0.9518508210409129,
      0.953838813566061,
      0.9568406822790346,
      0.9599021907677627,
      0.9609558268060913,
      0.9607172677030734,
      0.9641962546220826,
      0.96322213828476,
      0.9658462884179555,
      0.966482446026003,
      0.9684107987753966,
      0.9680927199713729,
      0.9700210727207665,
      0.9697626336924973,
      0.9710548288338435,
      0.9724663035266987,
      0.9718699057691543,
      0.9726054630034591,
      0.9751898532861516,
      0.9742157369488291,
      0.9754284123891694
    ]
  },
  "val_history": {
    "loss": [
      1.0147194743118517,
      0.4218079402844917,
      0.302468611319957,
      0.25943470966786564,
      0.25459431043092745,
      0.20502065301926997,
      0.2016488441665501,
      0.18271195195637063,
      0.19205727088177366,
      0.1599658970129612,
      0.16149632333031672,
      0.15740423286929087,
      0.1510322204808718,
      0.1466816806132278,
      0.1661350985495496,
      0.14730364298308396,
      0.1403066340914799,
      0.14070200729453136,
      0.14962558537742063,
      0.1348943166316526,
      0.12769030263304995,
      0.13548146683362583,
      0.1385482978364328,
      0.13139618565215636,
      0.12715552821212886,
      0.1338790632763936,
      0.12836873573150653,
      0.12646240406218373,
      0.13071448085492465,
      0.12144597198980203
    ],
    "acc": [
      0.6982347328244275,
      0.866014631043257,
      0.9082379134860051,
      0.9211991094147582,
      0.9225508905852418,
      0.9367843511450382,
      0.9382156488549618,
      0.9440998727735369,
      0.9413167938931297,
      0.9534828244274809,
      0.9544370229007634,
      0.9536418575063613,
      0.9528466921119593,
      0.9561863867684478,
      0.951574427480916,
      0.9573791348600509,
      0.959764631043257,
      0.9571405852417303,
      0.9586513994910941,
      0.9594465648854962,
      0.962865776081425,
      0.9599236641221374,
      0.9608778625954199,
      0.9615139949109415,
      0.9638199745547074,
      0.9639790076335878,
      0.9649332061068703,
      0.9636609414758269,
      0.9633428753180662,
      0.9650127226463104
    ]
  },
  "robustness": {
    "clean": 95.96880452975321,
    "gaussian_s1": 96.00441579715822,
    "gaussian_s2": 95.97592678323421,
    "gaussian_s3": 95.8762152345002,
    "gaussian_s4": 94.2986360884584,
    "gaussian_s5": 83.26270431964673,
    "mean_noisy": 93.08357964459955,
    "relative_drop_pct": 3.006419533192325
  }
}