{
  "run_name": "random_init_seed42_fold4",
  "init": "random_init",
  "fold": 4,
  "seed": 42,
  "config": {
    "lr": 0.0003,
    "weight_decay": 0.0001,
    "batch_size": 32,
    "epochs": 30,
    "patience": 7,
    "min_delta": 0.0,
    "num_workers": 4
  },
  "best_epoch": 20,
  "best_val_loss": 0.12166586319772645,
  "best_val_acc": 0.9654075546719681,
  "elapsed_sec": 2405.2064592838287,
  "train_history": {
    "loss": [
      2.49458048419635,
      0.6184220170298976,
      0.3833828409437398,
      0.29133368988251623,
      0.25000055640076246,
      0.2166783700016003,
      0.19376774547682002,
      0.178004279184386,
      0.16126215278253928,
      0.15159971439582232,
      0.1408947930736019,
      0.1344506433218622,
      0.12798010582462058,
      0.12353950514691825,
      0.1213084838221998,
      0.1125014252055557,
      0.10674575352548257,
      0.10813048865660269,
      0.10229074680279461,
      0.10118063448124612,
      0.09376319166033452,
      0.09063702349033012,
      0.0873713137642412,
      0.08871252387225897,
      0.08338521036347928,
      0.08472191449178842,
      0.07917397768368833,
      0.07784815735234737
    ],
    "acc": [
      0.3916068624137725,
      0.8195733852851719,
      0.8835258334492972,
      0.9106415124346461,
      0.9235035683756436,
      0.932449356897203,
      0.9402023736158878,
      0.9450529789475777,
      0.949824066159076,
      0.9521102121145856,
      0.9568216607359402,
      0.9575770828777608,
      0.9596445540027434,
      0.9611355187563366,
      0.9612547959366241,
      0.9640578096733793,
      0.966781305289943,
      0.9665825099894638,
      0.9669602210603742,
      0.9666023895195117,
      0.9691072103055484,
      0.9706975727093812,
      0.9719698626324473,
      0.9717313082718725,
      0.9728843210146512,
      0.9723078146432619,
      0.9743156471781007,
      0.9745939605987715
    ]
  },
  "val_history": {
    "loss": [
      1.029071570011541,
      0.5407216781813273,
      0.2808785697891864,
      0.3240191576860208,
      0.2175669821774287,
      0.20924813529854236,
      0.2037376981446701,
      0.204492430637311,
      0.16130393351698535,
      0.1762874684552986,
      0.15448571246241408,
      0.14769369569666402,
      0.1655374823412747,
      0.14138683857538423,
      0.15086288349462948,
      0.14398766934828858,
      0.16092191132711453,
      0.1318310516194124,
      0.15103801148232152,
      0.1321608308361422,
      0.12166586319772645,
      0.12340929123129851,
      0.1277046821891755,
      0.12618718281677702,
      0.15252315878286365,
      0.12226609779466219,
      1.523245330693246,
      0.12179893833994761
    ],
    "acc": [
      0.7021868787276342,
      0.8333996023856859,
      0.9126838966202784,
      0.9010735586481113,
      0.9327236580516899,
      0.9381312127236581,
      0.9381312127236581,
      0.9397216699801193,
      0.9525248508946322,
      0.9473558648111332,
      0.9528429423459245,
      0.95610337972167,
      0.9525248508946322,
      0.961272365805169,
      0.9559443339960239,
      0.9580119284294235,
      0.9537972166998012,
      0.96389662027833,
      0.9560238568588469,
      0.9616699801192843,
      0.9654075546719681,
      0.9633399602385686,
      0.96389662027833,
      0.9649304174950298,
      0.9566600397614314,
      0.966441351888668,
      0.7227037773359841,
      0.9667594433399602
    ]
  },
  "robustness": {
    "clean": 95.8904597414622,
    "gaussian_s1": 95.8690929810192,
    "gaussian_s2": 94.71172679035647,
    "gaussian_s3": 51.44047576653253,
    "gaussian_s4": 12.072219650297354,
    "gaussian_s5": 5.049677718029985,
    "mean_noisy": 51.828638581247105,
    "relative_drop_pct": 45.95016154788873
  }
}