{
  "run_name": "random_init_seed123_fold4",
  "init": "random_init",
  "fold": 4,
  "seed": 123,
  "config": {
    "lr": 0.0003,
    "weight_decay": 0.0001,
    "batch_size": 32,
    "epochs": 30,
    "patience": 7,
    "min_delta": 0.0,
    "num_workers": 4
  },
  "best_epoch": 19,
  "best_val_loss": 0.1241282887192012,
  "best_val_acc": 0.9658846918489066,
  "elapsed_sec": 2338.7958233356476,
  "train_history": {
    "loss": [
      2.561580424017004,
      0.6469597972603183,
      0.3903753468607031,
      0.30286090290616563,
      0.250168359133681,
      0.22089760080908571,
      0.1942314081351814,
      0.18051432915559343,
      0.1654057939378628,
      0.1559028348960848,
      0.1475433361947867,
      0.13897849731007322,
      0.13213246999663902,
      0.1259223536586937,
      0.12344735092779226,
      0.11315337749709406,
      0.11021910005316493,
      0.10595867646166367,
      0.11062618511235778,
      0.09774012618314731,
      0.09985549435275137,
      0.09316300212845353,
      0.09079194449765433,
      0.09081136044234431,
      0.08577139291957418,
      0.0871228760204737,
      0.07972306142944068
    ],
    "acc": [
      0.3791622766037811,
      0.80941494543069,
      0.8828698089577163,
      0.9072619923265014,
      0.9230860982446375,
      0.9312367055642805,
      0.93970538536469,
      0.9422698447408703,
      0.9480945470449078,
      0.9516529829234837,
      0.9535216587479872,
      0.9557481661133531,
      0.9574975647575691,
      0.9601017831938453,
      0.9606385305051388,
      0.9632825080015108,
      0.9651114247659185,
      0.9656084130171163,
      0.9649921475856311,
      0.9687891378247818,
      0.9684710653440153,
      0.9688686559449735,
      0.971174681430531,
      0.9707174522394291,
      0.9720692602826869,
      0.9720692602826869,
      0.9735403455062323
    ]
  },
  "val_history": {
    "loss": [
      0.9020586780786041,
      0.4423092558085326,
      0.318000253210396,
      0.2928933575983431,
      0.2127592226052305,
      0.19896426615210816,
      0.19985711509969167,
      0.19788807452654014,
      0.17010137067418954,
      0.18717840567302463,
      0.16557695265886213,
      0.1571053323751685,
      0.15747697172931324,
      0.14616732005128974,
      0.12947493757450723,
      0.3353176549613852,
      0.1567681932698488,
      0.15503494368884602,
      0.1346726977168726,
      0.1241282887192012,
      0.1365051167850428,
      0.1486579690491703,
      0.1269960036802707,
      0.13995410845064862,
      0.1371406930707221,
      0.13307391244362068,
      0.13494965799479705
    ],
    "acc": [
      0.7358250497017893,
      0.8634592445328032,
      0.9001988071570577,
      0.9105367793240556,
      0.9359840954274354,
      0.9421868787276342,
      0.9389264413518886,
      0.9417892644135188,
      0.9495825049701789,
      0.9438568588469185,
      0.9526043737574552,
      0.9533200795228628,
      0.9563419483101392,
      0.9592842942345925,
      0.9642147117296223,
      0.9101391650099404,
      0.9584890656063618,
      0.9565805168986083,
      0.9607952286282306,
      0.9658846918489066,
      0.9614314115308151,
      0.9584890656063618,
      0.965168986083499,
      0.9588071570576541,
      0.961272365805169,
      0.962624254473161,
      0.9623061630218688
    ]
  },
  "robustness": {
    "clean": 95.56639720807664,
    "gaussian_s1": 95.55215270111464,
    "gaussian_s2": 95.3598518571276,
    "gaussian_s3": 80.78772123499876,
    "gaussian_s4": 21.5341333998077,
    "gaussian_s5": 5.2740287026815285,
    "mean_noisy": 59.70157757914605,
    "relative_drop_pct": 37.528692800715454
  }
}