{
  "run_name": "random_init_seed42_fold2",
  "init": "random_init",
  "fold": 2,
  "seed": 42,
  "config": {
    "lr": 0.0003,
    "weight_decay": 0.0001,
    "batch_size": 32,
    "epochs": 30,
    "patience": 7,
    "min_delta": 0.0,
    "num_workers": 4
  },
  "best_epoch": 28,
  "best_val_loss": 0.11540957472483275,
  "best_val_acc": 0.9662849872773537,
  "elapsed_sec": 2601.3925170898438,
  "train_history": {
    "loss": [
      2.577288406861477,
      0.6351116395277235,
      0.3956662888655079,
      0.3043821104847552,
      0.25635404277594825,
      0.21593700782247227,
      0.20312892817502032,
      0.17988813536043247,
      0.17165284727156355,
      0.1573595435311816,
      0.14932276948935128,
      0.138463359355007,
      0.13458096251142893,
      0.12739863301186358,
      0.11807187992687951,
      0.11434743312621068,
      0.11444914754634017,
      0.1097844748777294,
      0.10474673212984628,
      0.10093584429763142,
      0.09631263433792052,
      0.09440949625449647,
      0.09211359387232922,
      0.09353053439095273,
      0.08410996269742922,
      0.08388673714056039,
      0.08146172582547445,
      0.07839786392166659,
      0.07600577857784806,
      0.07777232129829899
    ],
    "acc": [
      0.367758737227148,
      0.8120353067472467,
      0.8806210488648563,
      0.9075185877301102,
      0.9213351357798895,
      0.9321696950419467,
      0.9376963142618584,
      0.9441374100433383,
      0.9451314063059123,
      0.9512743032086199,
      0.9536400143135462,
      0.9569599618305435,
      0.9579738380183691,
      0.9594648324122301,
      0.9633215379110175,
      0.9644348137251004,
      0.9639179356685619,
      0.96536917021192,
      0.9667408850542722,
      0.96751620213908,
      0.9687487575046718,
      0.9690668363086955,
      0.9701204723470239,
      0.9700608325712695,
      0.9729831815832373,
      0.973301260387261,
      0.9741362172478232,
      0.9746133354538586,
      0.9753091328376605,
      0.9748121347063735
    ]
  },
  "val_history": {
    "loss": [
      0.9532513260064083,
      0.41374895643886017,
      0.3521694044138805,
      0.26887708176051817,
      0.23863819077090803,
      0.2206670124627029,
      0.18548315021118478,
      0.1901319730467324,
      0.19924538119799537,
      0.17361476812696452,
      0.16198259112451252,
      0.1722502311908395,
      0.1512992657265637,
      0.14742585815358103,
      0.1507702664940615,
      0.14651068482673843,
      0.13495339072755821,
      0.13502992609539743,
      0.13960520738476453,
      0.13878206341116656,
      0.132579937412437,
      0.1343521027102405,
      0.1297752921844895,
      0.13826585129611424,
      0.1239377811407762,
      0.12219748476750966,
      0.12901975306370123,
      0.14799998413579843,
      0.11540957472483275,
      0.1182322825172413
    ],
    "acc": [
      0.7257474554707379,
      0.8722964376590331,
      0.8905057251908397,
      0.9154739185750637,
      0.9271628498727735,
      0.93360368956743,
      0.9420324427480916,
      0.9432251908396947,
      0.9380566157760815,
      0.9483142493638677,
      0.9533237913486005,
      0.9474395674300254,
      0.9541984732824428,
      0.9576972010178118,
      0.9551526717557252,
      0.9577767175572519,
      0.9591284987277354,
      0.9596055979643766,
      0.9570610687022901,
      0.9592875318066157,
      0.9630248091603053,
      0.9612754452926209,
      0.9650922391857506,
      0.9596851145038168,
      0.9668416030534351,
      0.9653307888040712,
      0.9631043256997456,
      0.9600826972010178,
      0.9662849872773537,
      0.9654103053435115
    ]
  },
  "robustness": {
    "clean": 95.99729354367722,
    "gaussian_s1": 95.99729354367722,
    "gaussian_s2": 95.9652434030127,
    "gaussian_s3": 92.325771874221,
    "gaussian_s4": 60.11181937965172,
    "gaussian_s5": 22.41017057797087,
    "mean_noisy": 73.3620597557067,
    "relative_drop_pct": 23.57903327521609
  }
}