{
  "run_name": "random_init_seed1_fold2",
  "init": "random_init",
  "fold": 2,
  "seed": 1,
  "config": {
    "lr": 0.0003,
    "weight_decay": 0.0001,
    "batch_size": 32,
    "epochs": 30,
    "patience": 7,
    "min_delta": 0.0,
    "num_workers": 4
  },
  "best_epoch": 27,
  "best_val_loss": 0.11030077982825616,
  "best_val_acc": 0.9686704834605598,
  "elapsed_sec": 2587.2373673915863,
  "train_history": {
    "loss": [
      2.4200537675541156,
      0.5990470010197891,
      0.38447784859448475,
      0.29411482587435966,
      0.25745075153992153,
      0.21585062814846148,
      0.19421178873768052,
      0.17669676674627594,
      0.16690624655916422,
      0.15448426888146025,
      0.14974591590016506,
      0.13620941822007276,
      0.13012221682459635,
      0.1242726624434423,
      0.11957454285390913,
      0.1169007769657515,
      0.10888795879902809,
      0.11038481098085803,
      0.10110542255293317,
      0.10062064464703871,
      0.09285041070521567,
      0.09411342204648583,
      0.0896121237358418,
      0.08767921780914627,
      0.08564888396050835,
      0.08171366987365052,
      0.08144932245713243,
      0.08137632678040528,
      0.07821410650119388,
      0.07525076938750924
    ],
    "acc": [
      0.40652459146753606,
      0.8220349091487416,
      0.8837223172040873,
      0.9097053795077731,
      0.9213748956303924,
      0.9321498151166951,
      0.9396445469365036,
      0.9443560892211045,
      0.9484911136734125,
      0.9525664983499662,
      0.9539978529680728,
      0.9568208023537832,
      0.9602600294222894,
      0.9603793089737983,
      0.9613534253111208,
      0.9630630988827482,
      0.9645540932766092,
      0.9654486899129259,
      0.9678144010178522,
      0.9669993240825414,
      0.9705578307025565,
      0.9701602321975269,
      0.971114468609598,
      0.9715120671146277,
      0.972645222853962,
      0.9725458232277047,
      0.9739374179953083,
      0.973718738817542,
      0.9742157369488291,
      0.9759254105204564
    ]
  },
  "val_history": {
    "loss": [
      1.017030247100854,
      0.48440311299151156,
      0.3018459106369522,
      0.306256371326318,
      0.23599983231074464,
      0.20188246676190305,
      0.20356951848780852,
      0.17381093025386882,
      0.17098274397622004,
      0.15440004573063065,
      0.17106404023311034,
      0.16700383290464912,
      0.17962365020370683,
      0.1531913997467474,
      0.15076638385492194,
      0.14034736651455537,
      0.13429497152777561,
      0.13776665237257923,
      0.13021066486893312,
      0.1230981715400914,
      0.14692367729422878,
      0.1485401165826992,
      0.1239683947591247,
      0.12633408305065064,
      0.12697108304602975,
      0.12485800425822478,
      0.12087812913478278,
      0.11030077982825616,
      0.11988857426060417,
      0.12267611537561744
    ],
    "acc": [
      0.6920324427480916,
      0.853530534351145,
      0.9106234096692112,
      0.9029898218829516,
      0.9258110687022901,
      0.9402830788804071,
      0.9402035623409669,
      0.9488708651399491,
      0.9475190839694656,
      0.955073155216285,
      0.9489503816793893,
      0.9491889312977099,
      0.9449745547073791,
      0.9526876590330788,
      0.9559478371501272,
      0.9588104325699746,
      0.9627067430025446,
      0.9572996183206107,
      0.958969465648855,
      0.964058524173028,
      0.9563454198473282,
      0.9557092875318066,
      0.9636609414758269,
      0.9634223918575063,
      0.9632633587786259,
      0.9643765903307888,
      0.9654898218829516,
      0.9686704834605598,
      0.9670801526717557,
      0.9662849872773537
    ]
  },
  "robustness": {
    "clean": 96.16466650048075,
    "gaussian_s1": 96.15042199351875,
    "gaussian_s2": 96.13973861329725,
    "gaussian_s3": 96.10768847263274,
    "gaussian_s4": 95.9047042484242,
    "gaussian_s5": 91.43192906235532,
    "mean_noisy": 95.14689647804565,
    "relative_drop_pct": 1.0583617241890122
  }
}