{
  "run_name": "random_init_seed123_fold0",
  "init": "random_init",
  "fold": 0,
  "seed": 123,
  "config": {
    "lr": 0.0003,
    "weight_decay": 0.0001,
    "batch_size": 32,
    "epochs": 30,
    "patience": 7,
    "min_delta": 0.0,
    "num_workers": 4
  },
  "best_epoch": 20,
  "best_val_loss": 0.11682692874009178,
  "best_val_acc": 0.9664440203562341,
  "elapsed_sec": 2385.599006652832,
  "train_history": {
    "loss": [
      2.5153441124040894,
      0.6317957127861159,
      0.3876048536640688,
      0.29619665249923244,
      0.250767544908465,
      0.21980150163583664,
      0.19389570386851693,
      0.17572451077665582,
      0.16329716092136942,
      0.1521256357724091,
      0.1419708376839146,
      0.1320615833333629,
      0.13247208694887513,
      0.12471829027779974,
      0.11576215945790622,
      0.1146257166753284,
      0.11398616724163868,
      0.10771284529502423,
      0.10454148723382117,
      0.09774053582476458,
      0.09899222692595809,
      0.09308046420708711,
      0.0897795373890055,
      0.08926437509592654,
      0.08601383688546337,
      0.08413479818547158,
      0.08304103788945705,
      0.08289072778034312
    ],
    "acc": [
      0.3908194505188661,
      0.8141823386744066,
      0.8826488012405074,
      0.9105999761440897,
      0.9236014472585583,
      0.9312552184803785,
      0.9400620253667846,
      0.9446542880998767,
      0.95020078724504,
      0.9512941831338714,
      0.9547930499781321,
      0.9574967198123335,
      0.9582720368971412,
      0.9608365472545823,
      0.9627052602282216,
      0.9635004572382808,
      0.9639775754443163,
      0.9658264084927041,
      0.9662041270724822,
      0.9684306787006481,
      0.9682119995228818,
      0.9698819132440062,
      0.9708560295813288,
      0.9711741083853525,
      0.9721681046479266,
      0.972148224722675,
      0.973301260387261,
      0.9735000596397757
    ]
  },
  "val_history": {
    "loss": [
      0.902226668922349,
      0.4439688862932955,
      0.3943428625275663,
      0.39244070325868646,
      0.2315941455569764,
      0.2087613682815202,
      0.19555127622578033,
      0.17472498618637575,
      0.9404428421920189,
      0.16575853742497504,
      0.16355506796745284,
      0.21266755034851442,
      0.1647774915900647,
      0.5861335680935574,
      0.19600898502118422,
      0.13848418228214515,
      0.15479392861959088,
      0.13831963815049603,
      0.1314974828332933,
      0.12867900205088556,
      0.11682692874009178,
      0.12371435762932832,
      0.1312487056920589,
      0.12590339614857943,
      0.12880671245644545,
      0.12919136520408883,
      2.5759555653369164,
      0.13348534530232328
    ],
    "acc": [
      0.7351304071246819,
      0.8641062340966921,
      0.8792143765903307,
      0.8783396946564885,
      0.930104961832061,
      0.9355120865139949,
      0.9425095419847328,
      0.947280534351145,
      0.7677321882951654,
      0.9512563613231552,
      0.9509382951653944,
      0.9358301526717557,
      0.9510178117048346,
      0.8400127226463104,
      0.9417143765903307,
      0.9588899491094147,
      0.9533237913486005,
      0.9584128498727735,
      0.9611959287531806,
      0.9592080152671756,
      0.9664440203562341,
      0.9627862595419847,
      0.9611959287531806,
      0.964058524173028,
      0.9612754452926209,
      0.9604007633587787,
      0.5670324427480916,
      0.9629452926208651
    ]
  },
  "robustness": {
    "clean": 95.77650368576617,
    "gaussian_s1": 95.75869805206368,
    "gaussian_s2": 94.55859834051493,
    "gaussian_s3": 52.487447028239735,
    "gaussian_s4": 15.255866956304974,
    "gaussian_s5": 7.84516220932303,
    "mean_noisy": 53.18115451728927,
    "relative_drop_pct": 44.47369399516638
  }
}