{
  "run_name": "random_init_seed42_fold3",
  "init": "random_init",
  "fold": 3,
  "seed": 42,
  "config": {
    "lr": 0.0003,
    "weight_decay": 0.0001,
    "batch_size": 32,
    "epochs": 30,
    "patience": 7,
    "min_delta": 0.0,
    "num_workers": 4
  },
  "best_epoch": 25,
  "best_val_loss": 0.11836445045430961,
  "best_val_acc": 0.9674751491053678,
  "elapsed_sec": 2575.2339911460876,
  "train_history": {
    "loss": [
      2.5205949580051117,
      0.6275465273784008,
      0.3825333169709877,
      0.29898727566381195,
      0.2513617744636252,
      0.21549928631066465,
      0.19360090538163527,
      0.17842036891267488,
      0.1640818152487298,
      0.15187822410077473,
      0.14813679461954052,
      0.13928219752089133,
      0.12772533775147293,
      0.127644953337732,
      0.12073989886165251,
      0.11407867954995071,
      0.11044429013922852,
      0.10842986437066152,
      0.10347996752969757,
      0.09650946753808472,
      0.09876637051573563,
      0.08943213772124885,
      0.09364436122339445,
      0.08889125033941203,
      0.08335003363987922,
      0.08558002214343291,
      0.08257742726045726,
      0.07613690578678169,
      0.07797944397402232,
      0.07539981062665525
    ],
    "acc": [
      0.38027553028646405,
      0.8168101306085124,
      0.8844800508915969,
      0.908653559429855,
      0.921674651611236,
      0.9333439357493589,
      0.9385722521519592,
      0.9446355088165715,
      0.9488698487167764,
      0.9520903325845377,
      0.9540385265292328,
      0.9554499731626345,
      0.9591475657515456,
      0.9597837107130788,
      0.9613740731169115,
      0.9633620261217025,
      0.9648927499353915,
      0.965012027115679,
      0.9668608234101346,
      0.9681331133332008,
      0.9681331133332008,
      0.9708764884798123,
      0.969842752917321,
      0.9720096216925432,
      0.972943959604795,
      0.9721288988728306,
      0.9728048028944596,
      0.9748523944893943,
      0.9749319126095859,
      0.975587937101167
    ]
  },
  "val_history": {
    "loss": [
      0.9811421596790639,
      0.47387107094094366,
      0.39365272644796145,
      0.2587422710232007,
      0.23812407021183024,
      0.20254916230616554,
      0.1947283841338968,
      0.18946142877920513,
      0.18276267337092525,
      0.1716178529168744,
      0.17375439788582972,
      0.15894543079298293,
      0.17894600719870782,
      0.14069836514618686,
      0.13754627100584074,
      0.1397451126018065,
      0.15411848331529648,
      0.15526151693036788,
      0.13736556405061995,
      0.15973791955541128,
      0.13574944061421496,
      0.13146213089827255,
      0.12415064937080059,
      0.8509093012533819,
      0.155234183931413,
      0.11836445045430961,
      0.13214330293907262,
      0.13543622680891565,
      0.1320509757463757,
      0.13240327110726047
    ],
    "acc": [
      0.7077534791252486,
      0.8534393638170974,
      0.8837375745526839,
      0.9203976143141153,
      0.9304174950298211,
      0.9429821073558649,
      0.9417892644135188,
      0.9460039761431411,
      0.9452087475149106,
      0.9487872763419483,
      0.945924453280318,
      0.9549900596421471,
      0.9492644135188867,
      0.958727634194831,
      0.9603180914512922,
      0.961272365805169,
      0.9566600397614314,
      0.9553081510934394,
      0.9614314115308151,
      0.9554671968190855,
      0.9639761431411531,
      0.9627833001988072,
      0.965168986083499,
      0.8873956262425448,
      0.9560238568588469,
      0.9674751491053678,
      0.9617495029821074,
      0.962624254473161,
      0.9629423459244533,
      0.9647713717693837
    ]
  },
  "robustness": {
    "clean": 95.70884227769666,
    "gaussian_s1": 95.72308678465866,
    "gaussian_s2": 95.72308678465866,
    "gaussian_s3": 91.33577864036181,
    "gaussian_s4": 46.853744524767635,
    "gaussian_s5": 16.52006694918272,
    "mean_noisy": 69.2311527367259,
    "relative_drop_pct": 27.66483107605298
  }
}