{
  "run_name": "random_init_seed42_fold0",
  "init": "random_init",
  "fold": 0,
  "seed": 42,
  "config": {
    "lr": 0.0003,
    "weight_decay": 0.0001,
    "batch_size": 32,
    "epochs": 30,
    "patience": 7,
    "min_delta": 0.0,
    "num_workers": 4
  },
  "best_epoch": 28,
  "best_val_loss": 0.11163092690049334,
  "best_val_acc": 0.9681138676844784,
  "elapsed_sec": 2598.5169389247894,
  "train_history": {
    "loss": [
      2.509049592575142,
      0.6134613940556629,
      0.38326075079035726,
      0.29334879834916616,
      0.24999385554104844,
      0.2108563260639227,
      0.19372797719972812,
      0.17941711220744685,
      0.1647386434981043,
      0.15173954211587504,
      0.14637403972549118,
      0.1337447250000106,
      0.13118494411048479,
      0.12455898653347779,
      0.12168835309809148,
      0.11278195232792804,
      0.11135449243587915,
      0.10347930198492887,
      0.10371430442380003,
      0.10085465902505038,
      0.09473455763565589,
      0.09001955341942162,
      0.09319638699979807,
      0.08559428359616286,
      0.08925941654206125,
      0.08415986750335476,
      0.07925937492238219,
      0.0813502972506182,
      0.07740015179184856,
      0.077135169002416
    ],
    "acc": [
      0.38541211085046323,
      0.818953520734762,
      0.8848753528686732,
      0.9110969742753767,
      0.9235418074828039,
      0.934416126595364,
      0.9393861079082343,
      0.9444356089221104,
      0.9484314738976581,
      0.9520297403681762,
      0.9535604946125402,
      0.9579738380183691,
      0.9592461532344638,
      0.9594847123374816,
      0.9608763071050853,
      0.9639576955190648,
      0.9644348137251004,
      0.9677547612420977,
      0.9657468887916981,
      0.9677348813168463,
      0.9691463560097014,
      0.971233748161107,
      0.9698023935430002,
      0.9714325474136217,
      0.971114468609598,
      0.9725060633772017,
      0.9743151365750865,
      0.9744542960518469,
      0.9750109339588883,
      0.9753091328376605
    ]
  },
  "val_history": {
    "loss": [
      0.8503236175673533,
      0.43271378415658046,
      0.29364076130516925,
      0.28376330158989593,
      0.24653218958320086,
      0.22464344547188375,
      0.1845775075183065,
      0.19956662111563736,
      0.19214849030730743,
      0.17040590373710154,
      0.17346995447675628,
      0.16652729279155346,
      0.14429068055180078,
      0.13799236752930408,
      0.1646894593485261,
      0.15260971986766075,
      0.13402970842306586,
      0.1527372184808126,
      0.1522208633283743,
      0.13347289842500065,
      0.12422681834811576,
      0.1385904051770489,
      0.13615523526037457,
      0.1232615947455488,
      0.1332622934654015,
      0.13883188577406924,
      0.1171196235139041,
      0.11588918287757935,
      0.11163092690049334,
      0.11452659853400844
    ],
    "acc": [
      0.739821882951654,
      0.865219465648855,
      0.9064885496183206,
      0.9165871501272265,
      0.9236641221374046,
      0.931218193384224,
      0.943781806615776,
      0.9379770992366412,
      0.9424300254452926,
      0.9491094147582697,
      0.946485368956743,
      0.9512563613231552,
      0.9569020356234097,
      0.958969465648855,
      0.9533237913486005,
      0.9561068702290076,
      0.9600826972010178,
      0.9540394402035624,
      0.9545165394402035,
      0.9596055979643766,
      0.9629452926208651,
      0.960559796437659,
      0.9619910941475827,
      0.96485368956743,
      0.9611959287531806,
      0.9583333333333334,
      0.9646946564885496,
      0.9667620865139949,
      0.9681138676844784,
      0.9670801526717557
    ]
  },
  "robustness": {
    "clean": 96.02934368434173,
    "gaussian_s1": 96.02934368434173,
    "gaussian_s2": 95.99017129019622,
    "gaussian_s3": 88.2019871087212,
    "gaussian_s4": 22.805455646166447,
    "gaussian_s5": 4.590292368505395,
    "mean_noisy": 61.523450019586186,
    "relative_drop_pct": 35.932655937106
  }
}