{
  "model": "regnet_x_400mf",
  "seed": 1,
  "protocol": "writer_independent",
  "version": "A",
  "clean": {
    "top1": 97.7077156699689,
    "top3": 99.69990599464893,
    "top5": 99.87706992551884
  },
  "corrupted": {
    "gaussian_noise": {
      "1": {
        "top1": 2.3718273194012625,
        "top3": 0.3470966808879865,
        "top5": 0.1446236170366575
      },
      "2": {
        "top1": 3.0624050907513265,
        "top3": 0.5351073830356512,
        "top5": 0.24224455853641302
      },
      "3": {
        "top1": 9.266758261624119,
        "top3": 2.2995155108829266,
        "top5": 1.2293007448116242
      },
      "4": {
        "top1": 38.19509725938246,
        "top3": 20.5763251138911,
        "top5": 14.465977294092127
      },
      "5": {
        "top1": 88.03962687106805,
        "top3": 78.12567792320486,
        "top5": 71.99363656085039
      }
    },
    "shot_noise": {
      "1": {
        "top1": 11.092631426711975,
        "top3": 3.000940053510732,
        "top5": 1.666787186347534
      },
      "2": {
        "top1": 28.06782847639019,
        "top3": 12.788343336466852,
        "top5": 8.341167112589488
      },
      "3": {
        "top1": 59.51261841058645,
        "top3": 42.00231397787259,
        "top5": 33.798539301467926
      },
      "4": {
        "top1": 83.66837804613493,
        "top3": 71.85624412466555,
        "top5": 65.18909537927544
      },
      "5": {
        "top1": 95.3033480367344,
        "top3": 88.74105141369586,
        "top5": 83.78407693976426
      }
    },
    "impulse_noise": {
      "1": {
        "top1": 66.13638007086557,
        "top3": 50.58572564899848,
        "top5": 43.195458818425045
      },
      "2": {
        "top1": 93.95834839829344,
        "top3": 88.47711331260395,
        "top5": 84.32641550365175
      },
      "3": {
        "top1": 98.35490635620796,
        "top3": 95.89630486658471,
        "top5": 92.91705835562948
      },
      "4": {
        "top1": 99.25880396268711,
        "top3": 97.59201677633958,
        "top5": 94.51153373345868
      },
      "5": {
        "top1": 99.37450285631644,
        "top3": 98.01865644659773,
        "top5": 95.56367054740039
      }
    },
    "gaussian_blur": {
      "1": {
        "top1": 2.92862824499241,
        "top3": 0.408561718128567,
        "top5": 0.19524188299949685
      },
      "2": {
        "top1": 5.7017861016704074,
        "top3": 0.97620941499747,
        "top5": 0.488104707498735
      },
      "3": {
        "top1": 38.47349772217803,
        "top3": 24.857184178176297,
        "top5": 20.019524188299954
      },
      "4": {
        "top1": 95.89992045701064,
        "top3": 92.23371176513125,
        "top5": 89.47863186058284
      },
      "5": {
        "top1": 99.23349482970569,
        "top3": 97.94996022850532,
        "top5": 96.53626437197194
      }
    },
    "defocus_blur": {
      "1": {
        "top1": 3.861450574878873,
        "top3": 0.4989514787764904,
        "top5": 0.25670692024007735
      },
      "2": {
        "top1": 10.412900426639666,
        "top3": 3.868681755730705,
        "top5": 2.62853423964134
      },
      "3": {
        "top1": 82.29445368428665,
        "top3": 73.42902595993925,
        "top5": 68.1285703955456
      },
      "4": {
        "top1": 98.48868320196688,
        "top3": 96.44949020174994,
        "top5": 94.39221924940342
      },
      "5": {
        "top1": 99.34919372333502,
        "top3": 98.10543061681973,
        "top5": 96.60857618049027
      }
    },
    "stroke_thinning": {
      "1": {
        "top1": 2.2995155108829266,
        "top3": 0.29647841492516136,
        "top5": 0.122930074481161
      },
      "2": {
        "top1": 2.321209053438423,
        "top3": 0.3037095957769935,
        "top5": 0.122930074481161
      },
      "3": {
        "top1": 2.957552968399739,
        "top3": 0.4519488032395742,
        "top5": 0.206088654277238
      },
      "4": {
        "top1": 4.6134933834695175,
        "top3": 0.6435750958131479,
        "top5": 0.31817195748065785
      },
      "5": {
        "top1": 4.6134933834695175,
        "top3": 0.6435750958131479,
        "top5": 0.31817195748065785
      }
    },
    "elastic": {
      "1": {
        "top1": 2.635765420493172,
        "top3": 0.368790223443483,
        "top5": 0.1663171595921682
      },
      "2": {
        "top1": 2.9394750162701513,
        "top3": 0.41940848940632236,
        "top5": 0.19162629257357366
      },
      "3": {
        "top1": 4.11815749511895,
        "top3": 0.5821100585725674,
        "top5": 0.2675536915178185
      },
      "4": {
        "top1": 6.609299298575451,
        "top3": 1.182298069274708,
        "top5": 0.571263287294812
      },
      "5": {
        "top1": 16.653409501771634,
        "top3": 4.917202979246511,
        "top5": 2.769542266252074
      }
    },
    "pixelate": {
      "1": {
        "top1": 2.7442331332706686,
        "top3": 0.4338708511099867,
        "top5": 0.18077952129583252
      },
      "2": {
        "top1": 4.848506761154098,
        "top3": 0.9581314628678825,
        "top5": 0.4772579362209797
      },
      "3": {
        "top1": 9.331838889290623,
        "top3": 2.762311085400242,
        "top5": 1.7210210427362824
      },
      "4": {
        "top1": 60.49967459686167,
        "top3": 42.90259599392581,
        "top5": 35.35685877503796
      },
      "5": {
        "top1": 90.4114541904693,
        "top3": 83.06095885458095,
        "top5": 78.29199508279702
      }
    },
    "contrast": {
      "1": {
        "top1": 2.3284402342902553,
        "top3": 0.30009400535107034,
        "top5": 0.1265456649070842
      },
      "2": {
        "top1": 2.393520861956759,
        "top3": 0.32540313833249,
        "top5": 0.11931448405525202
      },
      "3": {
        "top1": 2.5815315641044236,
        "top3": 0.33986550003615434,
        "top5": 0.13377684575891635
      },
      "4": {
        "top1": 3.738520500397712,
        "top3": 0.5784944681466442,
        "top5": 0.245860148962322
      },
      "5": {
        "top1": 93.84988068551594,
        "top3": 84.80728903029865,
        "top5": 76.91445513052281
      }
    },
    "scale": {
      "1": {
        "top1": 2.6972304577337525,
        "top3": 0.37963699472123835,
        "top5": 0.17716393086990934
      },
      "2": {
        "top1": 2.2922843300310944,
        "top3": 0.30009400535107034,
        "top5": 0.122930074481161
      },
      "3": {
        "top1": 3.857834984452964,
        "top3": 0.5170294309060637,
        "top5": 0.25309132981415416
      },
      "4": {
        "top1": 16.006218815532577,
        "top3": 6.497215995372045,
        "top5": 4.429098271747776
      },
      "5": {
        "top1": 97.86680164870923,
        "top3": 95.49135873888206,
        "top5": 93.09060669607346
      }
    }
  },
  "mce": {
    "top1": 1.7987463156492531,
    "top3": 3.5489432252954445,
    "top5": 4.459935799506537,
    "avg": 3.2692084468170783
  }
}