{
  "model": "squeezenet1_0",
  "seed": 123,
  "protocol": "writer_independent",
  "version": "A",
  "clean": {
    "top1": 93.70634622606083,
    "top3": 98.58430341719865,
    "top5": 99.33533608711979
  },
  "corrupted": {
    "gaussian_noise": {
      "1": {
        "top1": 6.278633120540746,
        "top3": 1.3931656027037178,
        "top5": 0.6496432594817918
      },
      "2": {
        "top1": 6.319939917386407,
        "top3": 1.3894104393541085,
        "top5": 0.6571535861809963
      },
      "3": {
        "top1": 6.871948929778441,
        "top3": 1.550882463387154,
        "top5": 0.7810739767179911
      },
      "4": {
        "top1": 13.462260608336464,
        "top3": 4.100638377769428,
        "top5": 2.5009387908373952
      },
      "5": {
        "top1": 62.70371761171611,
        "top3": 39.22268118663162,
        "top5": 29.842283139316564
      }
    },
    "shot_noise": {
      "1": {
        "top1": 7.236199774690192,
        "top3": 1.6372512204280838,
        "top5": 0.8449117536612789
      },
      "2": {
        "top1": 11.75741644761547,
        "top3": 3.4509951182876506,
        "top5": 2.0277882087870864
      },
      "3": {
        "top1": 28.67442733758918,
        "top3": 11.396920766053327,
        "top5": 7.731881336838157
      },
      "4": {
        "top1": 59.32407059707097,
        "top3": 35.628989861058955,
        "top5": 26.620352985354856
      },
      "5": {
        "top1": 87.21742395794217,
        "top3": 73.40968832144199,
        "top5": 64.43109275253474
      }
    },
    "impulse_noise": {
      "1": {
        "top1": 75.70409312805107,
        "top3": 57.29628238828389,
        "top5": 47.19489297784454
      },
      "2": {
        "top1": 95.00938790837401,
        "top3": 87.9684566278633,
        "top5": 81.31430717236199
      },
      "3": {
        "top1": 97.52910251595944,
        "top3": 95.67780698460383,
        "top5": 94.10063837776943
      },
      "4": {
        "top1": 98.27638002253099,
        "top3": 96.9057453999249,
        "top5": 95.73413443484792
      },
      "5": {
        "top1": 99.00112654900488,
        "top3": 97.44648892226812,
        "top5": 96.12091625985731
      }
    },
    "gaussian_blur": {
      "1": {
        "top1": 6.233571160345477,
        "top3": 1.4232069095005642,
        "top5": 0.6947052196770613
      },
      "2": {
        "top1": 9.729628238828383,
        "top3": 2.9665790461885138,
        "top5": 1.7761922643635017
      },
      "3": {
        "top1": 69.38415321066466,
        "top3": 52.549755914382274,
        "top5": 45.96319939917387
      },
      "4": {
        "top1": 97.23619977469019,
        "top3": 93.0229064964326,
        "top5": 90.18775816748028
      },
      "5": {
        "top1": 99.2114156965828,
        "top3": 97.14607585429967,
        "top5": 96.09087495306046
      }
    },
    "defocus_blur": {
      "1": {
        "top1": 6.864438603079236,
        "top3": 1.5809237701840004,
        "top5": 0.8223807735636512
      },
      "2": {
        "top1": 23.49230191513331,
        "top3": 11.378144949305295,
        "top5": 8.445362373263237
      },
      "3": {
        "top1": 92.06533984228314,
        "top3": 83.6124671423207,
        "top5": 79.09876079609464
      },
      "4": {
        "top1": 98.64063086744274,
        "top3": 95.67405182125422,
        "top5": 94.01802478407811
      },
      "5": {
        "top1": 99.35411190386782,
        "top3": 97.67179872324446,
        "top5": 96.54900488171235
      }
    },
    "stroke_thinning": {
      "1": {
        "top1": 6.271122793841528,
        "top3": 1.4119414194517503,
        "top5": 0.6571535861809963
      },
      "2": {
        "top1": 6.323695080736016,
        "top3": 1.4194517461509548,
        "top5": 0.6496432594817918
      },
      "3": {
        "top1": 7.671798723244464,
        "top3": 1.7949680811115343,
        "top5": 0.8862185505069533
      },
      "4": {
        "top1": 12.981599699586937,
        "top3": 3.3758918512955347,
        "top5": 1.8625610214044315
      },
      "5": {
        "top1": 12.981599699586937,
        "top3": 3.3758918512955347,
        "top5": 1.8625610214044315
      }
    },
    "elastic": {
      "1": {
        "top1": 6.492677431468266,
        "top3": 1.3706346226060901,
        "top5": 0.6721742395794195
      },
      "2": {
        "top1": 6.9207660533233195,
        "top3": 1.5433721366879496,
        "top5": 0.7885843034171955
      },
      "3": {
        "top1": 8.039804731505825,
        "top3": 1.7611716109650786,
        "top5": 0.882463387157344
      },
      "4": {
        "top1": 10.352985354862938,
        "top3": 2.448366503942921,
        "top5": 1.3105520090123974
      },
      "5": {
        "top1": 20.469395418700714,
        "top3": 6.744273375891851,
        "top5": 3.9354111903867874
      }
    },
    "pixelate": {
      "1": {
        "top1": 9.601952684941793,
        "top3": 2.050319188884714,
        "top5": 1.0852422080360498
      },
      "2": {
        "top1": 12.557266241081493,
        "top3": 3.3608711978971115,
        "top5": 1.8775816748028546
      },
      "3": {
        "top1": 11.53961697333834,
        "top3": 3.7852046564025557,
        "top5": 2.2455876830642154
      },
      "4": {
        "top1": 55.2647390161472,
        "top3": 37.134810364250846,
        "top5": 29.297784453623734
      },
      "5": {
        "top1": 94.53248216297409,
        "top3": 87.07848291400676,
        "top5": 82.26060833646264
      }
    },
    "contrast": {
      "1": {
        "top1": 6.357491550882457,
        "top3": 1.344348479158839,
        "top5": 0.6796845662786382
      },
      "2": {
        "top1": 6.597822005257228,
        "top3": 1.3856552760044991,
        "top5": 0.717236199774689
      },
      "3": {
        "top1": 7.262485918137443,
        "top3": 1.5884340968832191,
        "top5": 0.7735636500187724
      },
      "4": {
        "top1": 11.49831017649268,
        "top3": 2.868944799098756,
        "top5": 1.4457378895981918
      },
      "5": {
        "top1": 85.75291025159595,
        "top3": 68.99737138565527,
        "top5": 59.71085242208036
      }
    },
    "scale": {
      "1": {
        "top1": 6.222305670296663,
        "top3": 1.3931656027037178,
        "top5": 0.6947052196770613
      },
      "2": {
        "top1": 6.29365377393917,
        "top3": 1.4156965828013455,
        "top5": 0.664663912880215
      },
      "3": {
        "top1": 7.2024033045437506,
        "top3": 1.7198648141194184,
        "top5": 0.8899737138565484
      },
      "4": {
        "top1": 28.340217799474274,
        "top3": 14.340968832144199,
        "top5": 10.634622606083369
      },
      "5": {
        "top1": 98.40781073976719,
        "top3": 95.18212542245588,
        "top5": 93.24446113405934
      }
    }
  },
  "mce": {
    "top1": 1.4608821877238256,
    "top3": 1.7517733422823472,
    "top5": 1.8430756835381448,
    "avg": 1.685243737848106
  }
}