{
  "model": "googlenet",
  "ratio": 0.7,
  "version": "A",
  "clean": {
    "top1": 96.05687481676928,
    "top3": 99.4026678393433,
    "top5": 99.66652008208736
  },
  "corrupted": {
    "gaussian_noise": {
      "1": {
        "top1": 3.8002052184110227,
        "top3": 0.5790090882439216,
        "top5": 0.30049838756963254
      },
      "2": {
        "top1": 3.7415713866901257,
        "top3": 0.5680152447962428,
        "top5": 0.27851070067428907
      },
      "3": {
        "top1": 4.031075930812079,
        "top3": 0.626649076517154,
        "top5": 0.31149223101729717
      },
      "4": {
        "top1": 5.471269422456757,
        "top3": 0.9931105247727885,
        "top5": 0.49472295514512155
      },
      "5": {
        "top1": 28.25784227499267,
        "top3": 11.931984755203757,
        "top5": 7.966871885077694
      }
    },
    "shot_noise": {
      "1": {
        "top1": 4.272940486660801,
        "top3": 0.6632952213427217,
        "top5": 0.36279683377308913
      },
      "2": {
        "top1": 5.126795661096452,
        "top3": 0.8868367047786592,
        "top5": 0.45807681031955383
      },
      "3": {
        "top1": 8.941659337437699,
        "top3": 2.0851656405746155,
        "top5": 1.125036646144821
      },
      "4": {
        "top1": 27.09982409850484,
        "top3": 11.217384931105244,
        "top5": 7.4208443271767806
      },
      "5": {
        "top1": 66.68865435356201,
        "top3": 47.97346819114629,
        "top5": 39.9479624743477
      }
    },
    "impulse_noise": {
      "1": {
        "top1": 81.00630313690999,
        "top3": 64.33963647024333,
        "top5": 55.08282028730577
      },
      "2": {
        "top1": 94.55804749340369,
        "top3": 85.96452653180886,
        "top5": 79.12269129287598
      },
      "3": {
        "top1": 98.09440046907065,
        "top3": 94.42978598651422,
        "top5": 91.72896511287013
      },
      "4": {
        "top1": 98.80167106420404,
        "top3": 96.0128994429786,
        "top5": 94.26121372031662
      },
      "5": {
        "top1": 99.20477865728526,
        "top3": 96.58091468777485,
        "top5": 95.15171503957784
      }
    },
    "gaussian_blur": {
      "1": {
        "top1": 3.7928759894459034,
        "top3": 0.4873937261800023,
        "top5": 0.2198768689533921
      },
      "2": {
        "top1": 4.771328056288482,
        "top3": 1.1433597185576048,
        "top5": 0.7219290530636187
      },
      "3": {
        "top1": 51.997214892993256,
        "top3": 38.95118733509235,
        "top5": 33.58619173262973
      },
      "4": {
        "top1": 97.60334212840809,
        "top3": 93.37804163002052,
        "top5": 90.15684549985342
      },
      "5": {
        "top1": 99.35869246555262,
        "top3": 97.87085898563471,
        "top5": 96.2730870712401
      }
    },
    "defocus_blur": {
      "1": {
        "top1": 3.8551744356493742,
        "top3": 0.5350337144532347,
        "top5": 0.2198768689533921
      },
      "2": {
        "top1": 11.64248021108179,
        "top3": 5.145118733509236,
        "top5": 3.9394605687481743
      },
      "3": {
        "top1": 86.63881559659924,
        "top3": 77.38199941366167,
        "top5": 72.70595133391967
      },
      "4": {
        "top1": 99.13881559659924,
        "top3": 96.71650542362943,
        "top5": 94.26121372031662
      },
      "5": {
        "top1": 99.36235708003518,
        "top3": 97.95148050425095,
        "top5": 96.69085312225154
      }
    },
    "stroke_thinning": {
      "1": {
        "top1": 3.990765171503952,
        "top3": 0.6083260041043701,
        "top5": 0.33714453239518605
      },
      "2": {
        "top1": 4.016417472881855,
        "top3": 0.6303136909997136,
        "top5": 0.3444737613603053
      },
      "3": {
        "top1": 5.346672530049844,
        "top3": 0.9784520668425642,
        "top5": 0.5460275579009135
      },
      "4": {
        "top1": 6.581647610671354,
        "top3": 1.2899442978598614,
        "top5": 0.6632952213427217
      },
      "5": {
        "top1": 6.581647610671354,
        "top3": 1.2899442978598614,
        "top5": 0.6632952213427217
      }
    },
    "elastic": {
      "1": {
        "top1": 4.514805042509522,
        "top3": 0.6816182937554913,
        "top5": 0.33714453239518605
      },
      "2": {
        "top1": 4.939900322486068,
        "top3": 0.769569041336851,
        "top5": 0.3591322192905295
      },
      "3": {
        "top1": 5.907358545880967,
        "top3": 1.0187628261506916,
        "top5": 0.49838756962768116
      },
      "4": {
        "top1": 8.2270595133392,
        "top3": 1.5647903840515909,
        "top5": 0.7915567282321945
      },
      "5": {
        "top1": 17.04778657285253,
        "top3": 5.24772793902082,
        "top5": 3.1845499853415475
      }
    },
    "pixelate": {
      "1": {
        "top1": 7.241278217531516,
        "top3": 1.641747288185286,
        "top5": 0.8941659337437642
      },
      "2": {
        "top1": 12.683230724127824,
        "top3": 4.540457343887425,
        "top5": 2.8877162122544746
      },
      "3": {
        "top1": 13.46012899442978,
        "top3": 5.2403987100557,
        "top5": 3.331134564643804
      },
      "4": {
        "top1": 67.91630020521842,
        "top3": 52.030196423336264,
        "top5": 43.531955438287895
      },
      "5": {
        "top1": 92.67443564936968,
        "top3": 86.99061858692465,
        "top5": 83.51656405746115
      }
    },
    "contrast": {
      "1": {
        "top1": 2.9903254177660443,
        "top3": 0.40310759308120225,
        "top5": 0.18323072412782437
      },
      "2": {
        "top1": 2.7374670184696583,
        "top3": 0.3481383758428649,
        "top5": 0.16857226619760013
      },
      "3": {
        "top1": 2.774113163295226,
        "top3": 0.3481383758428649,
        "top5": 0.1575784227499213
      },
      "4": {
        "top1": 3.781882145998239,
        "top3": 0.5570214013485781,
        "top5": 0.26751685722662444
      },
      "5": {
        "top1": 91.57505130460275,
        "top3": 82.3512166520082,
        "top5": 76.67106420404573
      }
    },
    "scale": {
      "1": {
        "top1": 3.822192905306366,
        "top3": 0.5496921723834589,
        "top5": 0.2565230137789456
      },
      "2": {
        "top1": 3.9431251832307197,
        "top3": 0.5973321606567055,
        "top5": 0.33347991791264064
      },
      "3": {
        "top1": 3.950454412195839,
        "top3": 0.5716798592788024,
        "top5": 0.2601876282615052
      },
      "4": {
        "top1": 14.860011726766345,
        "top3": 6.306801524479624,
        "top5": 4.63207270595133
      },
      "5": {
        "top1": 98.95558487247142,
        "top3": 96.11184403400762,
        "top5": 93.28642626795661
      }
    }
  },
  "mce": {
    "top1": 1.0858126809977775,
    "top3": 1.0901793588526085,
    "top5": 1.132870001533003,
    "avg": 1.1029540137944631
  }
}