{
  "model": "convnext_tiny",
  "seed": 1,
  "protocol": "writer_independent",
  "version": "A",
  "clean": {
    "top1": 97.52693614867307,
    "top3": 99.73244630848218,
    "top5": 99.88791669679658
  },
  "corrupted": {
    "gaussian_noise": {
      "1": {
        "top1": 2.480295032178759,
        "top3": 0.2639381010919095,
        "top5": 0.11208330320341986
      },
      "2": {
        "top1": 2.4586014896232484,
        "top3": 0.2639381010919095,
        "top5": 0.11208330320341986
      },
      "3": {
        "top1": 2.4513703087714163,
        "top3": 0.2711692819437417,
        "top5": 0.10846771277749667
      },
      "4": {
        "top1": 2.444139127919584,
        "top3": 0.2711692819437417,
        "top5": 0.10846771277749667
      },
      "5": {
        "top1": 2.5381444789934164,
        "top3": 0.2675536915178185,
        "top5": 0.11208330320341986
      }
    },
    "shot_noise": {
      "1": {
        "top1": 2.480295032178759,
        "top3": 0.26032251066598633,
        "top5": 0.11569889362932884
      },
      "2": {
        "top1": 2.480295032178759,
        "top3": 0.2639381010919095,
        "top5": 0.11208330320341986
      },
      "3": {
        "top1": 2.473063851326927,
        "top3": 0.2639381010919095,
        "top5": 0.11569889362932884
      },
      "4": {
        "top1": 2.520066526863843,
        "top3": 0.25309132981415416,
        "top5": 0.11208330320341986
      },
      "5": {
        "top1": 5.506544218670911,
        "top3": 0.6688842287945675,
        "top5": 0.32178754790656683
      }
    },
    "impulse_noise": {
      "1": {
        "top1": 39.200231397787256,
        "top3": 21.23074698098199,
        "top5": 16.465398799623983
      },
      "2": {
        "top1": 61.30595126184106,
        "top3": 44.11743437703377,
        "top5": 37.82630703593897
      },
      "3": {
        "top1": 81.1266179767156,
        "top3": 67.73808662954661,
        "top5": 61.28064212885964
      },
      "4": {
        "top1": 89.73533878082291,
        "top3": 81.04345939691952,
        "top5": 75.29828621013812
      },
      "5": {
        "top1": 95.59982645165955,
        "top3": 90.12220695639598,
        "top5": 85.7581893123147
      }
    },
    "gaussian_blur": {
      "1": {
        "top1": 2.4947573938824235,
        "top3": 0.27840046279557384,
        "top5": 0.11208330320341986
      },
      "2": {
        "top1": 13.113746474799328,
        "top3": 7.054016920963193,
        "top5": 5.607780750596575
      },
      "3": {
        "top1": 87.10318895075565,
        "top3": 80.66020681177235,
        "top5": 77.27601417311448
      },
      "4": {
        "top1": 98.29344131896738,
        "top3": 95.95053872297346,
        "top5": 94.06320052064503
      },
      "5": {
        "top1": 99.31665340950177,
        "top3": 98.05481235085689,
        "top5": 96.56518909537928
      }
    },
    "defocus_blur": {
      "1": {
        "top1": 3.297418468435893,
        "top3": 0.6833465904982319,
        "top5": 0.44471762238774204
      },
      "2": {
        "top1": 52.856316436474074,
        "top3": 43.1195314194808,
        "top5": 39.287005568009256
      },
      "3": {
        "top1": 95.86376455275146,
        "top3": 92.34217947790874,
        "top5": 90.10774459469232
      },
      "4": {
        "top1": 98.98763468074337,
        "top3": 97.32807867524767,
        "top5": 95.47689637717839
      },
      "5": {
        "top1": 99.36365608503868,
        "top3": 98.10543061681973,
        "top5": 96.74235302624919
      }
    },
    "stroke_thinning": {
      "1": {
        "top1": 2.4911418034565003,
        "top3": 0.2711692819437417,
        "top5": 0.11208330320341986
      },
      "2": {
        "top1": 2.4875262130305913,
        "top3": 0.27478487236966487,
        "top5": 0.11931448405525202
      },
      "3": {
        "top1": 3.2540313833249,
        "top3": 0.37602140429531516,
        "top5": 0.1663171595921682
      },
      "4": {
        "top1": 4.512256851543853,
        "top3": 0.5784944681466442,
        "top5": 0.27840046279557384
      },
      "5": {
        "top1": 4.512256851543853,
        "top3": 0.5784944681466442,
        "top5": 0.27840046279557384
      }
    },
    "elastic": {
      "1": {
        "top1": 2.595993925808088,
        "top3": 0.2711692819437417,
        "top5": 0.11931448405525202
      },
      "2": {
        "top1": 2.834622893918578,
        "top3": 0.3037095957769935,
        "top5": 0.122930074481161
      },
      "3": {
        "top1": 3.583050112083299,
        "top3": 0.33986550003615434,
        "top5": 0.13016125533299316
      },
      "4": {
        "top1": 5.050979825005427,
        "top3": 0.5784944681466442,
        "top5": 0.2639381010919095
      },
      "5": {
        "top1": 10.658760575602003,
        "top3": 2.1331983512907726,
        "top5": 1.055752404367638
      }
    },
    "pixelate": {
      "1": {
        "top1": 2.794851399233494,
        "top3": 0.31817195748065785,
        "top5": 0.13377684575891635
      },
      "2": {
        "top1": 3.369730276954229,
        "top3": 0.4519488032395742,
        "top5": 0.21331983512907016
      },
      "3": {
        "top1": 3.4420420854725506,
        "top3": 0.6218815532576514,
        "top5": 0.2892472340733292
      },
      "4": {
        "top1": 26.983151348615223,
        "top3": 13.840480150408567,
        "top5": 10.141731144695925
      },
      "5": {
        "top1": 90.27044616385857,
        "top3": 83.08988357798829,
        "top5": 78.94641694988792
      }
    },
    "contrast": {
      "1": {
        "top1": 2.4911418034565003,
        "top3": 0.2675536915178185,
        "top5": 0.10846771277749667
      },
      "2": {
        "top1": 2.599609516233997,
        "top3": 0.285631643647406,
        "top5": 0.11208330320341986
      },
      "3": {
        "top1": 4.2880902451370275,
        "top3": 0.7448116277388124,
        "top5": 0.42302407983223134
      },
      "4": {
        "top1": 98.48145202111505,
        "top3": 96.88336105285993,
        "top5": 95.48051196760431
      },
      "5": {
        "top1": 99.37450285631644,
        "top3": 98.11627738809747,
        "top5": 96.83635837732302
      }
    },
    "scale": {
      "1": {
        "top1": 2.4549858991973394,
        "top3": 0.2639381010919095,
        "top5": 0.10846771277749667
      },
      "2": {
        "top1": 2.473063851326927,
        "top3": 0.2675536915178185,
        "top5": 0.11208330320341986
      },
      "3": {
        "top1": 3.8433726227492997,
        "top3": 1.0340588618121274,
        "top5": 0.7484272181647214
      },
      "4": {
        "top1": 58.45686600621882,
        "top3": 47.78364306891315,
        "top5": 43.43770337696146
      },
      "5": {
        "top1": 98.9731723190397,
        "top3": 97.0496782124521,
        "top5": 95.2599609516234
      }
    }
  },
  "mce": {
    "top1": 1.128371058985879,
    "top3": 2.623592465998531,
    "top5": 4.707745427814131,
    "avg": 2.81990298426618
  }
}