{
  "model": "convnext_tiny",
  "seed": 42,
  "protocol": "writer_independent",
  "version": "A",
  "clean": {
    "top1": 97.35347611447237,
    "top3": 99.70305482350321,
    "top5": 99.8886455588137
  },
  "corrupted": {
    "gaussian_noise": {
      "1": {
        "top1": 2.6576593296462647,
        "top3": 0.293233361790584,
        "top5": 0.11135444118629323
      },
      "2": {
        "top1": 2.6725065884711086,
        "top3": 0.293233361790584,
        "top5": 0.11135444118629323
      },
      "3": {
        "top1": 2.661371144352472,
        "top3": 0.2969451764967914,
        "top5": 0.11135444118629323
      },
      "4": {
        "top1": 2.6725065884711086,
        "top3": 0.2969451764967914,
        "top5": 0.11135444118629323
      },
      "5": {
        "top1": 4.138673397424,
        "top3": 0.40087598827066984,
        "top5": 0.17074347648565436
      }
    },
    "shot_noise": {
      "1": {
        "top1": 2.6391002561152135,
        "top3": 0.3006569912029988,
        "top5": 0.11135444118629323
      },
      "2": {
        "top1": 2.642812070821421,
        "top3": 0.3006569912029988,
        "top5": 0.11135444118629323
      },
      "3": {
        "top1": 2.694777476708367,
        "top3": 0.293233361790584,
        "top5": 0.10021899706767101
      },
      "4": {
        "top1": 3.7860510003340693,
        "top3": 0.41201143238929205,
        "top5": 0.15589621766081052
      },
      "5": {
        "top1": 14.865817898370508,
        "top3": 3.5781893767863124,
        "top5": 1.996956311940906
      }
    },
    "impulse_noise": {
      "1": {
        "top1": 41.69852640956164,
        "top3": 21.406035410712292,
        "top5": 15.311235663115696
      },
      "2": {
        "top1": 72.37296314167997,
        "top3": 50.20229390148844,
        "top5": 42.010318844883265
      },
      "3": {
        "top1": 92.81763854348391,
        "top3": 81.20708214245946,
        "top5": 74.47013845068854
      },
      "4": {
        "top1": 96.83011024089677,
        "top3": 90.9728666344976,
        "top5": 86.58550165175754
      },
      "5": {
        "top1": 98.17378716454475,
        "top3": 95.26001262017,
        "top5": 91.94536208752459
      }
    },
    "gaussian_blur": {
      "1": {
        "top1": 2.6576593296462647,
        "top3": 0.31921606473405006,
        "top5": 0.11506625589250064
      },
      "2": {
        "top1": 7.327122230058279,
        "top3": 3.1661779443970204,
        "top5": 2.5128985561040764
      },
      "3": {
        "top1": 80.84332430125087,
        "top3": 72.10571248283286,
        "top5": 67.87424371775361
      },
      "4": {
        "top1": 97.60216769978842,
        "top3": 94.91110203778628,
        "top5": 92.52069336698712
      },
      "5": {
        "top1": 99.30217883523254,
        "top3": 97.70981032626851,
        "top5": 95.89473293493188
      }
    },
    "defocus_blur": {
      "1": {
        "top1": 3.0585353179169346,
        "top3": 0.5270776882818069,
        "top5": 0.27096247355332537
      },
      "2": {
        "top1": 35.42184774136075,
        "top3": 25.047325637504173,
        "top5": 21.751234178389808
      },
      "3": {
        "top1": 94.75149400541925,
        "top3": 90.50888979622137,
        "top5": 87.56170891949074
      },
      "4": {
        "top1": 98.69344122341413,
        "top3": 96.5777068408745,
        "top5": 94.26524627890575
      },
      "5": {
        "top1": 99.3615678705319,
        "top3": 97.91396013511006,
        "top5": 96.45892877027579
      }
    },
    "stroke_thinning": {
      "1": {
        "top1": 2.642812070821421,
        "top3": 0.293233361790584,
        "top5": 0.10764262648008582
      },
      "2": {
        "top1": 2.6799302178835234,
        "top3": 0.285809732378155,
        "top5": 0.11135444118629323
      },
      "3": {
        "top1": 3.169889759103228,
        "top3": 0.41201143238929205,
        "top5": 0.18187892060427657
      },
      "4": {
        "top1": 4.45788946215805,
        "top3": 0.5901785382873754,
        "top5": 0.31550425002784266
      },
      "5": {
        "top1": 4.45788946215805,
        "top3": 0.5901785382873754,
        "top5": 0.31550425002784266
      }
    },
    "elastic": {
      "1": {
        "top1": 2.787572844363609,
        "top3": 0.3340633235588939,
        "top5": 0.10764262648008582
      },
      "2": {
        "top1": 2.9991462826175734,
        "top3": 0.35262239708993093,
        "top5": 0.15589621766081052
      },
      "3": {
        "top1": 3.893693626814155,
        "top3": 0.4417059500389797,
        "top5": 0.2004379941353278
      },
      "4": {
        "top1": 5.4340967298912375,
        "top3": 0.7052447941798761,
        "top5": 0.30436880590920623
      },
      "5": {
        "top1": 10.54897739504844,
        "top3": 1.9115845736980788,
        "top5": 0.9836308971456162
      }
    },
    "pixelate": {
      "1": {
        "top1": 3.0659589473293494,
        "top3": 0.36004602650235995,
        "top5": 0.1484725882483957
      },
      "2": {
        "top1": 3.849151850339638,
        "top3": 0.6384321294681001,
        "top5": 0.2969451764967914
      },
      "3": {
        "top1": 4.353958650384172,
        "top3": 0.8759882706655304,
        "top5": 0.5716194647563242
      },
      "4": {
        "top1": 30.422033332096063,
        "top3": 16.450762777922122,
        "top5": 12.390037489328535
      },
      "5": {
        "top1": 89.36193905200253,
        "top3": 81.72302438662263,
        "top5": 76.76403993912623
      }
    },
    "contrast": {
      "1": {
        "top1": 2.6650829590586795,
        "top3": 0.30808062061541364,
        "top5": 0.11135444118629323
      },
      "2": {
        "top1": 2.6984892914145746,
        "top3": 0.31550425002784266,
        "top5": 0.11135444118629323
      },
      "3": {
        "top1": 2.90263910025611,
        "top3": 0.3897405441520334,
        "top5": 0.13733714412975928
      },
      "4": {
        "top1": 58.21981366690175,
        "top3": 46.56842730410898,
        "top5": 41.0081288742066
      },
      "5": {
        "top1": 99.33187335288223,
        "top3": 98.04758546453361,
        "top5": 96.7298912438291
      }
    },
    "scale": {
      "1": {
        "top1": 2.6539475149400573,
        "top3": 0.30808062061541364,
        "top5": 0.11135444118629323
      },
      "2": {
        "top1": 2.6465238855276283,
        "top3": 0.2969451764967914,
        "top5": 0.11135444118629323
      },
      "3": {
        "top1": 3.366615938532348,
        "top3": 0.6681266471177736,
        "top5": 0.4194350618017211
      },
      "4": {
        "top1": 42.58565012434579,
        "top3": 30.32923796444082,
        "top5": 26.086633755242943
      },
      "5": {
        "top1": 98.45217326751049,
        "top3": 96.22879625849077,
        "top5": 93.92747114064066
      }
    }
  },
  "mce": {
    "top1": 1.0324231422252563,
    "top3": 1.6990583722497408,
    "top5": 2.4712183161899484,
    "avg": 1.7342332768883153
  }
}