{
  "model": "efficientnet_b0",
  "seed": 42,
  "protocol": "writer_independent",
  "version": "A",
  "clean": {
    "top1": 97.89540106157901,
    "top3": 99.7327493411529,
    "top5": 99.89606918822612
  },
  "corrupted": {
    "gaussian_noise": {
      "1": {
        "top1": 2.189970676663819,
        "top3": 0.2895215470843766,
        "top5": 0.12248988530492966
      },
      "2": {
        "top1": 2.550016703166179,
        "top3": 0.37118147062098217,
        "top5": 0.16331984707323954
      },
      "3": {
        "top1": 4.290857800378603,
        "top3": 0.746074755948186,
        "top5": 0.37118147062098217
      },
      "4": {
        "top1": 12.248988530492554,
        "top3": 3.036264429679676,
        "top5": 1.6925875060316997
      },
      "5": {
        "top1": 74.25485319772837,
        "top3": 52.86366504584091,
        "top5": 42.08084332430125
      }
    },
    "shot_noise": {
      "1": {
        "top1": 4.272298726847552,
        "top3": 0.7497865706543934,
        "top5": 0.36375784120856736
      },
      "2": {
        "top1": 7.683456441854418,
        "top3": 1.510708585427409,
        "top5": 0.8759882706655304
      },
      "3": {
        "top1": 17.605137151553393,
        "top3": 5.278200512230427,
        "top5": 2.962028135555471
      },
      "4": {
        "top1": 43.46906202442374,
        "top3": 22.114992019598375,
        "top5": 14.5243309453992
      },
      "5": {
        "top1": 80.1343676923648,
        "top3": 62.425299729037526,
        "top5": 52.33658735755911
      }
    },
    "impulse_noise": {
      "1": {
        "top1": 76.61927916558406,
        "top3": 60.836643034779705,
        "top5": 52.91191863702164
      },
      "2": {
        "top1": 96.6519431349987,
        "top3": 91.35147173453102,
        "top5": 87.73987602538881
      },
      "3": {
        "top1": 98.81221929401285,
        "top3": 95.80936119668907,
        "top5": 94.2800935377306
      },
      "4": {
        "top1": 98.96440369696745,
        "top3": 96.4997587320441,
        "top5": 94.80345941130619
      },
      "5": {
        "top1": 98.77138933224454,
        "top3": 97.47225418507108,
        "top5": 95.58294049961026
      }
    },
    "gaussian_blur": {
      "1": {
        "top1": 2.8321146208381265,
        "top3": 0.3266396941464649,
        "top5": 0.15218440295460312
      },
      "2": {
        "top1": 3.440852232656539,
        "top3": 0.5085186147507557,
        "top5": 0.24869158531606672
      },
      "3": {
        "top1": 31.7879811439813,
        "top3": 18.258416539846337,
        "top5": 13.963846924761512
      },
      "4": {
        "top1": 97.13076723209977,
        "top3": 91.48880887866078,
        "top5": 86.96781856649716
      },
      "5": {
        "top1": 98.95698006755502,
        "top3": 97.72836939979956,
        "top5": 96.38098066144538
      }
    },
    "defocus_blur": {
      "1": {
        "top1": 3.362904123826141,
        "top3": 0.3934523588582408,
        "top5": 0.17074347648565436
      },
      "2": {
        "top1": 6.52537025351694,
        "top3": 1.8521955383987176,
        "top5": 1.1952043353995805
      },
      "3": {
        "top1": 81.57826361308044,
        "top3": 69.11027801492149,
        "top5": 61.26721354070005
      },
      "4": {
        "top1": 98.6117812998775,
        "top3": 96.45521695556958,
        "top5": 93.92375932593445
      },
      "5": {
        "top1": 99.19453620875245,
        "top3": 97.97706098511563,
        "top5": 96.68534946735458
      }
    },
    "stroke_thinning": {
      "1": {
        "top1": 2.112022567833421,
        "top3": 0.2746742882595328,
        "top5": 0.10393081177387842
      },
      "2": {
        "top1": 2.149140714895509,
        "top3": 0.26353884414089634,
        "top5": 0.10764262648008582
      },
      "3": {
        "top1": 2.6465238855276283,
        "top3": 0.35633421179615254,
        "top5": 0.15218440295460312
      },
      "4": {
        "top1": 4.383653168033845,
        "top3": 0.671838461823981,
        "top5": 0.3303515088526723
      },
      "5": {
        "top1": 4.383653168033845,
        "top3": 0.671838461823981,
        "top5": 0.3303515088526723
      }
    },
    "elastic": {
      "1": {
        "top1": 2.550016703166179,
        "top3": 0.2969451764967914,
        "top5": 0.1410489588359809
      },
      "2": {
        "top1": 2.828402806131919,
        "top3": 0.3489105823837235,
        "top5": 0.1447607735421883
      },
      "3": {
        "top1": 3.652425670910503,
        "top3": 0.45655320886380935,
        "top5": 0.21157343825396424
      },
      "4": {
        "top1": 5.411825841653979,
        "top3": 0.7980401618351181,
        "top5": 0.3786051000334112
      },
      "5": {
        "top1": 11.796147136334952,
        "top3": 2.761590141420143,
        "top5": 1.391930514828701
      }
    },
    "pixelate": {
      "1": {
        "top1": 2.5277458149289203,
        "top3": 0.31921606473405006,
        "top5": 0.1447607735421883
      },
      "2": {
        "top1": 3.6301547826732445,
        "top3": 0.7126684235922909,
        "top5": 0.35633421179615254
      },
      "3": {
        "top1": 4.962696262202584,
        "top3": 1.3807950707100645,
        "top5": 0.8388701236034279
      },
      "4": {
        "top1": 55.591848854905166,
        "top3": 37.58954752978731,
        "top5": 30.12879997030548
      },
      "5": {
        "top1": 90.41980624327233,
        "top3": 83.02958316320849,
        "top5": 77.98151516276307
      }
    },
    "contrast": {
      "1": {
        "top1": 2.156564344307938,
        "top3": 0.27096247355332537,
        "top5": 0.09279536765524199
      },
      "2": {
        "top1": 2.223377009019714,
        "top3": 0.2783861029657402,
        "top5": 0.10764262648008582
      },
      "3": {
        "top1": 2.3273078207935924,
        "top3": 0.31179243532163525,
        "top5": 0.12248988530492966
      },
      "4": {
        "top1": 2.7207601796518333,
        "top3": 0.36746965591477476,
        "top5": 0.1410489588359809
      },
      "5": {
        "top1": 9.231283174343943,
        "top3": 1.7000111354441145,
        "top5": 0.8685646412531156
      }
    },
    "scale": {
      "1": {
        "top1": 2.642812070821421,
        "top3": 0.3303515088526723,
        "top5": 0.1410489588359809
      },
      "2": {
        "top1": 2.1045989384209918,
        "top3": 0.26725065884710375,
        "top5": 0.10393081177387842
      },
      "3": {
        "top1": 3.381463197357192,
        "top3": 0.4194350618017211,
        "top5": 0.16703166177944695
      },
      "4": {
        "top1": 9.268401321406031,
        "top3": 2.8135555473070752,
        "top5": 1.703722950150322
      },
      "5": {
        "top1": 98.50042685869121,
        "top3": 95.96154559964367,
        "top5": 93.31502171411603
      }
    }
  },
  "mce": {
    "top1": 0.9876428472265172,
    "top3": 1.0219643210575897,
    "top5": 1.0135235381504966,
    "avg": 1.007710235478201
  }
}