{
  "model": "swin_t",
  "seed": 123,
  "protocol": "writer_independent",
  "version": "A",
  "clean": {
    "top1": 96.56402553511077,
    "top3": 99.48178745775441,
    "top5": 99.75215921892602
  },
  "corrupted": {
    "gaussian_noise": {
      "1": {
        "top1": 3.4472399549380413,
        "top3": 0.5144573788959832,
        "top5": 0.24784078107397534
      },
      "2": {
        "top1": 3.4772812617348876,
        "top3": 0.5219677055951877,
        "top5": 0.244085617724366
      },
      "3": {
        "top1": 3.458505444986855,
        "top3": 0.5182125422455925,
        "top5": 0.24033045437477085
      },
      "4": {
        "top1": 3.469770935035669,
        "top3": 0.5182125422455925,
        "top5": 0.244085617724366
      },
      "5": {
        "top1": 3.4509951182876506,
        "top3": 0.5369883589936109,
        "top5": 0.244085617724366
      }
    },
    "shot_noise": {
      "1": {
        "top1": 3.417198648141195,
        "top3": 0.5182125422455925,
        "top5": 0.25535110777319403
      },
      "2": {
        "top1": 3.4247089748403994,
        "top3": 0.5107022155463738,
        "top5": 0.24033045437477085
      },
      "3": {
        "top1": 3.4397296282388226,
        "top3": 0.5144573788959832,
        "top5": 0.24033045437477085
      },
      "4": {
        "top1": 3.409688321441976,
        "top3": 0.5294780322944064,
        "top5": 0.23282012767555216
      },
      "5": {
        "top1": 5.065715358618107,
        "top3": 0.690950056327452,
        "top5": 0.3454750281637189
      }
    },
    "impulse_noise": {
      "1": {
        "top1": 42.241832519714606,
        "top3": 23.477281261734888,
        "top5": 17.683064213293278
      },
      "2": {
        "top1": 74.58505444986857,
        "top3": 56.63161847540368,
        "top5": 48.06609087495306
      },
      "3": {
        "top1": 94.95681562147954,
        "top3": 90.7285016898235,
        "top5": 86.99211415696583
      },
      "4": {
        "top1": 97.57791963950432,
        "top3": 96.16973338340217,
        "top5": 94.75028163725122
      },
      "5": {
        "top1": 98.6180998873451,
        "top3": 96.96582801351859,
        "top5": 95.98197521592189
      }
    },
    "gaussian_blur": {
      "1": {
        "top1": 3.4209538114908042,
        "top3": 0.5745399924896759,
        "top5": 0.2703717611716172
      },
      "2": {
        "top1": 9.654524971836281,
        "top3": 4.889222681186638,
        "top5": 3.815245963199402
      },
      "3": {
        "top1": 72.8989861058956,
        "top3": 63.76642883965452,
        "top5": 59.68081111528352
      },
      "4": {
        "top1": 95.90687194892978,
        "top3": 92.80135185880586,
        "top5": 90.12016522718739
      },
      "5": {
        "top1": 98.97108524220803,
        "top3": 97.52910251595944,
        "top5": 95.97446488922269
      }
    },
    "defocus_blur": {
      "1": {
        "top1": 4.138190011265493,
        "top3": 0.8862185505069533,
        "top5": 0.4543747653022905
      },
      "2": {
        "top1": 34.66015771686068,
        "top3": 24.682688696958323,
        "top5": 21.179121291776198
      },
      "3": {
        "top1": 90.22530980097635,
        "top3": 84.70897484040556,
        "top5": 80.93128051070221
      },
      "4": {
        "top1": 97.6342470897484,
        "top3": 95.5276004506196,
        "top5": 93.43221930153962
      },
      "5": {
        "top1": 99.28276380022531,
        "top3": 97.93466015771686,
        "top5": 96.63161847540368
      }
    },
    "stroke_thinning": {
      "1": {
        "top1": 3.443484791588432,
        "top3": 0.525722868944797,
        "top5": 0.244085617724366
      },
      "2": {
        "top1": 3.492301915133311,
        "top3": 0.525722868944797,
        "top5": 0.244085617724366
      },
      "3": {
        "top1": 3.8865940668419086,
        "top3": 0.6947052196770613,
        "top5": 0.30041306796846357
      },
      "4": {
        "top1": 5.8693203154337255,
        "top3": 0.9951182876455107,
        "top5": 0.4806609087495275
      },
      "5": {
        "top1": 5.8693203154337255,
        "top3": 0.9951182876455107,
        "top5": 0.4806609087495275
      }
    },
    "elastic": {
      "1": {
        "top1": 3.586180998873445,
        "top3": 0.5858054825384897,
        "top5": 0.2515959444235847
      },
      "2": {
        "top1": 3.9279008636875687,
        "top3": 0.5970709725873036,
        "top5": 0.2778820878708217
      },
      "3": {
        "top1": 5.12204280886219,
        "top3": 0.8449117536612789,
        "top5": 0.38302666165978394
      },
      "4": {
        "top1": 8.37025910627112,
        "top3": 1.6748028539241488,
        "top5": 0.7885843034171955
      },
      "5": {
        "top1": 19.688321441982723,
        "top3": 6.214795343597444,
        "top5": 3.481036425084497
      }
    },
    "pixelate": {
      "1": {
        "top1": 3.9616973338340244,
        "top3": 0.6083364626361316,
        "top5": 0.2703717611716172
      },
      "2": {
        "top1": 4.810364250844913,
        "top3": 0.9913631242959013,
        "top5": 0.49943672549756
      },
      "3": {
        "top1": 5.092001502065344,
        "top3": 1.1753661284265888,
        "top5": 0.6684190762298101
      },
      "4": {
        "top1": 28.625610214044315,
        "top3": 14.889222681186638,
        "top5": 10.525722868944797
      },
      "5": {
        "top1": 84.55125797972212,
        "top3": 73.80398047315057,
        "top5": 67.20240330454375
      }
    },
    "contrast": {
      "1": {
        "top1": 3.417198648141195,
        "top3": 0.552009012392034,
        "top5": 0.24784078107397534
      },
      "2": {
        "top1": 3.544874202027785,
        "top3": 0.6045812992865223,
        "top5": 0.28163725122043104
      },
      "3": {
        "top1": 4.506196019526854,
        "top3": 0.9049943672549716,
        "top5": 0.4881712354487462
      },
      "4": {
        "top1": 91.9677055951934,
        "top3": 88.06984603830267,
        "top5": 85.56139692076606
      },
      "5": {
        "top1": 99.33533608711979,
        "top3": 98.05107022155464,
        "top5": 96.7818250093879
      }
    },
    "scale": {
      "1": {
        "top1": 3.364626361246721,
        "top3": 0.5557641757416434,
        "top5": 0.24784078107397534
      },
      "2": {
        "top1": 3.4359744648892274,
        "top3": 0.5182125422455925,
        "top5": 0.24784078107397534
      },
      "3": {
        "top1": 4.615095756665411,
        "top3": 1.1565903116785563,
        "top5": 0.6233571160345406
      },
      "4": {
        "top1": 43.285767930904996,
        "top3": 30.814870446864433,
        "top5": 26.105895606458887
      },
      "5": {
        "top1": 97.81825009387909,
        "top3": 95.67780698460383,
        "top5": 93.43597446488923
      }
    }
  },
  "mce": {
    "top1": 1.1380146422545827,
    "top3": 2.5985959295740777,
    "top5": 4.379259275078626,
    "avg": 2.705289948969096
  }
}