{
  "model": "googlenet",
  "seed": 42,
  "protocol": "writer_independent",
  "version": "A",
  "clean": {
    "top1": 97.41286514977172,
    "top3": 99.61768308526038,
    "top5": 99.8515274117516
  },
  "corrupted": {
    "gaussian_noise": {
      "1": {
        "top1": 2.575999406109645,
        "top3": 0.37118147062098217,
        "top5": 0.15218440295460312
      },
      "2": {
        "top1": 2.5722875914034375,
        "top3": 0.37118147062098217,
        "top5": 0.15960803236701793
      },
      "3": {
        "top1": 2.8766563973126438,
        "top3": 0.45655320886380935,
        "top5": 0.21528525296017165
      },
      "4": {
        "top1": 4.335399576853121,
        "top3": 0.8462937530158428,
        "top5": 0.45284139415760194
      },
      "5": {
        "top1": 41.56118926543187,
        "top3": 24.531383393341002,
        "top5": 17.9466241045247
      }
    },
    "shot_noise": {
      "1": {
        "top1": 2.9917226532051586,
        "top3": 0.5048068000445483,
        "top5": 0.23013251178501548
      },
      "2": {
        "top1": 4.094131620949483,
        "top3": 0.7869047177164958,
        "top5": 0.4231468765079285
      },
      "3": {
        "top1": 11.398982962770503,
        "top3": 3.270108756170899,
        "top5": 1.9227200178167152
      },
      "4": {
        "top1": 42.33324672432352,
        "top3": 25.540996993430085,
        "top5": 19.097286663449765
      },
      "5": {
        "top1": 89.5772243049627,
        "top3": 79.80401618351212,
        "top5": 72.23933781225641
      }
    },
    "impulse_noise": {
      "1": {
        "top1": 82.60272447199435,
        "top3": 71.44129765042129,
        "top5": 62.87442930848892
      },
      "2": {
        "top1": 97.39801789094689,
        "top3": 94.81459485542482,
        "top5": 92.10125830518541
      },
      "3": {
        "top1": 98.29627704984968,
        "top3": 97.01941279091348,
        "top5": 95.8279202702201
      },
      "4": {
        "top1": 98.6117812998775,
        "top3": 97.40915333506551,
        "top5": 96.29189710849634
      },
      "5": {
        "top1": 98.97182732637987,
        "top3": 97.69867488214989,
        "top5": 96.2770498496715
      }
    },
    "gaussian_blur": {
      "1": {
        "top1": 2.661371144352472,
        "top3": 0.3748932853271896,
        "top5": 0.15960803236701793
      },
      "2": {
        "top1": 4.372517723915223,
        "top3": 1.1172562265691681,
        "top5": 0.6941093500612396
      },
      "3": {
        "top1": 53.74336513121265,
        "top3": 42.18106232136892,
        "top5": 37.429939497420285
      },
      "4": {
        "top1": 97.46483055565866,
        "top3": 93.54886604060725,
        "top5": 89.56608886084406
      },
      "5": {
        "top1": 99.29846702052633,
        "top3": 97.97706098511563,
        "top5": 96.06547641141754
      }
    },
    "defocus_blur": {
      "1": {
        "top1": 2.728183809064248,
        "top3": 0.3823169147396186,
        "top5": 0.17074347648565436
      },
      "2": {
        "top1": 12.939386065847586,
        "top3": 6.243272335844992,
        "top5": 4.739987379829998
      },
      "3": {
        "top1": 87.59511525184662,
        "top3": 79.34746297464831,
        "top5": 74.24371775360974
      },
      "4": {
        "top1": 99.00894547344197,
        "top3": 96.71875579971048,
        "top5": 93.89406480828477
      },
      "5": {
        "top1": 99.35785605582569,
        "top3": 98.09583905571434,
        "top5": 96.69648491147322
      }
    },
    "stroke_thinning": {
      "1": {
        "top1": 2.590846664934489,
        "top3": 0.386028729445826,
        "top5": 0.1484725882483957
      },
      "2": {
        "top1": 2.6279648119965913,
        "top3": 0.386028729445826,
        "top5": 0.15218440295460312
      },
      "3": {
        "top1": 3.852863665045845,
        "top3": 0.6458557588805149,
        "top5": 0.31550425002784266
      },
      "4": {
        "top1": 6.154188782895957,
        "top3": 1.2063397795182027,
        "top5": 0.6607030177053588
      },
      "5": {
        "top1": 6.154188782895957,
        "top3": 1.2063397795182027,
        "top5": 0.6607030177053588
      }
    },
    "elastic": {
      "1": {
        "top1": 2.9434690620244197,
        "top3": 0.41201143238929205,
        "top5": 0.15960803236701793
      },
      "2": {
        "top1": 3.22185516499016,
        "top3": 0.4417059500389797,
        "top5": 0.17445529119186176
      },
      "3": {
        "top1": 4.001336253294241,
        "top3": 0.5716194647563242,
        "top5": 0.2338443264912229
      },
      "4": {
        "top1": 5.860955421105373,
        "top3": 0.9539363794959286,
        "top5": 0.39716417356446243
      },
      "5": {
        "top1": 13.3551093129431,
        "top3": 3.229278794402589,
        "top5": 1.6962993207379071
      }
    },
    "pixelate": {
      "1": {
        "top1": 3.774915556215433,
        "top3": 0.6532793882929298,
        "top5": 0.3303515088526723
      },
      "2": {
        "top1": 6.848298132957197,
        "top3": 1.644333914850975,
        "top5": 0.9168182324338403
      },
      "3": {
        "top1": 8.23651683307969,
        "top3": 2.1528525296017165,
        "top5": 1.384506885416286
      },
      "4": {
        "top1": 57.61478786978954,
        "top3": 35.82643554433763,
        "top5": 28.087301881890056
      },
      "5": {
        "top1": 90.43094168739097,
        "top3": 82.19813666901749,
        "top5": 76.67866820088341
      }
    },
    "contrast": {
      "1": {
        "top1": 2.357002338443266,
        "top3": 0.3414869529713087,
        "top5": 0.11877807059872225
      },
      "2": {
        "top1": 2.3384432649122147,
        "top3": 0.31921606473405006,
        "top5": 0.12620170001113706
      },
      "3": {
        "top1": 2.475780409041974,
        "top3": 0.3340633235588939,
        "top5": 0.1484725882483957
      },
      "4": {
        "top1": 3.3554804944137118,
        "top3": 0.45284139415760194,
        "top5": 0.1967261794291204
      },
      "5": {
        "top1": 75.75442633903715,
        "top3": 62.87442930848892,
        "top5": 55.023941204855056
      }
    },
    "scale": {
      "1": {
        "top1": 2.735607438476677,
        "top3": 0.3823169147396186,
        "top5": 0.17445529119186176
      },
      "2": {
        "top1": 2.5871348502282814,
        "top3": 0.3823169147396186,
        "top5": 0.1484725882483957
      },
      "3": {
        "top1": 2.869232767900229,
        "top3": 0.44541776474518713,
        "top5": 0.21157343825396424
      },
      "4": {
        "top1": 17.360157380943548,
        "top3": 8.436954827215018,
        "top5": 6.42886307115549
      },
      "5": {
        "top1": 98.73055937047623,
        "top3": 96.0097991908244,
        "top5": 92.61720054934858
      }
    }
  },
  "mce": {
    "top1": 0.9913725739785789,
    "top3": 1.0418544504926848,
    "top5": 1.0134084830031547,
    "avg": 1.0155451691581394
  }
}