{
  "model": "googlenet",
  "seed": 1,
  "protocol": "writer_independent",
  "version": "A",
  "clean": {
    "top1": 95.72998770699255,
    "top3": 99.35280931376094,
    "top5": 99.64567213826018
  },
  "corrupted": {
    "gaussian_noise": {
      "1": {
        "top1": 4.277243473859286,
        "top3": 0.65080627666498,
        "top5": 0.34348109046207753
      },
      "2": {
        "top1": 5.069057777135001,
        "top3": 0.8496637500903859,
        "top5": 0.448333212813651
      },
      "3": {
        "top1": 8.688263793477475,
        "top3": 1.8584134789211078,
        "top5": 1.0304432713862184
      },
      "4": {
        "top1": 22.32988647046062,
        "top3": 7.806059729553837,
        "top5": 4.8159664473208466
      },
      "5": {
        "top1": 71.06804541181575,
        "top3": 53.64451514932389,
        "top5": 45.7842215633813
      }
    },
    "shot_noise": {
      "1": {
        "top1": 9.982645165955603,
        "top3": 2.2850531491792623,
        "top5": 1.2835346012003725
      },
      "2": {
        "top1": 18.992696507339645,
        "top3": 5.813869404873813,
        "top5": 3.536047436546383
      },
      "3": {
        "top1": 39.789572637211656,
        "top3": 20.214766071299437,
        "top5": 14.878154602646617
      },
      "4": {
        "top1": 68.32381227854509,
        "top3": 50.48448911707282,
        "top5": 42.47595632366765
      },
      "5": {
        "top1": 91.50697808952202,
        "top3": 82.6560127268783,
        "top5": 76.08648492298792
      }
    },
    "impulse_noise": {
      "1": {
        "top1": 72.13826017788705,
        "top3": 56.90577771350061,
        "top5": 48.832164292428956
      },
      "2": {
        "top1": 91.3045050256707,
        "top3": 83.30681900354328,
        "top5": 77.06630992841131
      },
      "3": {
        "top1": 97.42931520717333,
        "top3": 94.0378913876636,
        "top5": 91.12010991394895
      },
      "4": {
        "top1": 98.66584713283679,
        "top3": 97.3353098560995,
        "top5": 95.02856316436474
      },
      "5": {
        "top1": 98.87916696796587,
        "top3": 97.77641188806132,
        "top5": 96.50010846771278
      }
    },
    "gaussian_blur": {
      "1": {
        "top1": 3.5071227131390543,
        "top3": 0.488104707498735,
        "top5": 0.27478487236966487
      },
      "2": {
        "top1": 4.1253886759707825,
        "top3": 0.8062766649793929,
        "top5": 0.42302407983223134
      },
      "3": {
        "top1": 56.938318027333864,
        "top3": 43.249692674813794,
        "top5": 37.291199652903316
      },
      "4": {
        "top1": 97.29915395184034,
        "top3": 93.84264950466411,
        "top5": 91.09480078096753
      },
      "5": {
        "top1": 99.30942222864994,
        "top3": 97.14368356352593,
        "top5": 96.06985320702871
      }
    },
    "defocus_blur": {
      "1": {
        "top1": 3.3841926386578933,
        "top3": 0.46641116494323853,
        "top5": 0.25309132981415416
      },
      "2": {
        "top1": 11.06732229373057,
        "top3": 4.685805191987853,
        "top5": 3.5179694844168097
      },
      "3": {
        "top1": 89.87634680743365,
        "top3": 82.16067683852773,
        "top5": 77.01569166244848
      },
      "4": {
        "top1": 98.65500036155905,
        "top3": 96.17832091980621,
        "top5": 94.453684286644
      },
      "5": {
        "top1": 99.35280931376094,
        "top3": 97.530551739099,
        "top5": 96.40610311663895
      }
    },
    "stroke_thinning": {
      "1": {
        "top1": 4.280859064285195,
        "top3": 0.6471906862390568,
        "top5": 0.3507122713139097
      },
      "2": {
        "top1": 4.29532142598886,
        "top3": 0.654421867090889,
        "top5": 0.36155904259165084
      },
      "3": {
        "top1": 5.307686745245505,
        "top3": 0.9436691011642182,
        "top5": 0.5025670692023994
      },
      "4": {
        "top1": 6.330898835779877,
        "top3": 1.178682478848799,
        "top5": 0.6724998192204765
      },
      "5": {
        "top1": 6.330898835779877,
        "top3": 1.178682478848799,
        "top5": 0.6724998192204765
      }
    },
    "elastic": {
      "1": {
        "top1": 4.259165521729699,
        "top3": 0.6616530479427354,
        "top5": 0.33986550003615434
      },
      "2": {
        "top1": 4.439945043025531,
        "top3": 0.6978089522018962,
        "top5": 0.39771494685082587
      },
      "3": {
        "top1": 5.398076505893414,
        "top3": 0.8026610745534697,
        "top5": 0.44471762238774204
      },
      "4": {
        "top1": 7.484272181647256,
        "top3": 1.3558464097187084,
        "top5": 0.6978089522018962
      },
      "5": {
        "top1": 16.042374719791738,
        "top3": 4.49417889941428,
        "top5": 2.4622170800491716
      }
    },
    "pixelate": {
      "1": {
        "top1": 7.552968399739683,
        "top3": 1.5221635693108624,
        "top5": 0.8315857979608126
      },
      "2": {
        "top1": 12.806421288596425,
        "top3": 3.6806710535830547,
        "top5": 2.1802010268276746
      },
      "3": {
        "top1": 15.865210788921829,
        "top3": 5.264299660134498,
        "top5": 3.094945404584564
      },
      "4": {
        "top1": 57.84583122423892,
        "top3": 40.41145419046931,
        "top5": 32.97056909393304
      },
      "5": {
        "top1": 91.90830862679876,
        "top3": 84.76751753561356,
        "top5": 79.97324463084821
      }
    },
    "contrast": {
      "1": {
        "top1": 2.932243835418319,
        "top3": 0.4157928989803992,
        "top5": 0.21331983512907016
      },
      "2": {
        "top1": 2.726155181141081,
        "top3": 0.37602140429531516,
        "top5": 0.18077952129583252
      },
      "3": {
        "top1": 2.8635476173259065,
        "top3": 0.3470966808879865,
        "top5": 0.1663171595921682
      },
      "4": {
        "top1": 3.948224745100873,
        "top3": 0.5893412394243995,
        "top5": 0.2675536915178185
      },
      "5": {
        "top1": 48.033118808301396,
        "top3": 26.972304577337482,
        "top5": 20.24730638513269
      }
    },
    "scale": {
      "1": {
        "top1": 3.662593101453467,
        "top3": 0.5170294309060637,
        "top5": 0.285631643647406
      },
      "2": {
        "top1": 4.270012293007454,
        "top3": 0.6471906862390568,
        "top5": 0.3543278617398187
      },
      "3": {
        "top1": 3.420348542917054,
        "top3": 0.5242606117578958,
        "top5": 0.2711692819437417
      },
      "4": {
        "top1": 15.912213464458745,
        "top3": 6.905777713500612,
        "top5": 4.960590064357504
      },
      "5": {
        "top1": 98.16328006363439,
        "top3": 95.64682912719647,
        "top5": 93.63656085038687
      }
    }
  },
  "mce": {
    "top1": 1.745776703818588,
    "top3": 2.552764456219644,
    "top5": 2.919518952705464,
    "avg": 2.4060200375812317
  }
}