{
  "model": "convnext_tiny",
  "seed": 123,
  "protocol": "writer_independent",
  "version": "A",
  "clean": {
    "top1": 97.40518212542246,
    "top3": 99.6695456252347,
    "top5": 99.83477281261735
  },
  "corrupted": {
    "gaussian_noise": {
      "1": {
        "top1": 2.5910627112279343,
        "top3": 0.3304543747652957,
        "top5": 0.1614720240330456
      },
      "2": {
        "top1": 2.58355238452873,
        "top3": 0.33420953811490506,
        "top5": 0.1614720240330456
      },
      "3": {
        "top1": 2.5910627112279343,
        "top3": 0.33420953811490506,
        "top5": 0.16522718738265496
      },
      "4": {
        "top1": 2.58355238452873,
        "top3": 0.33420953811490506,
        "top5": 0.1614720240330456
      },
      "5": {
        "top1": 3.364626361246721,
        "top3": 0.3905369883589884,
        "top5": 0.2102891475779245
      }
    },
    "shot_noise": {
      "1": {
        "top1": 2.598573037927153,
        "top3": 0.3304543747652957,
        "top5": 0.1614720240330456
      },
      "2": {
        "top1": 2.5797972211791205,
        "top3": 0.33420953811490506,
        "top5": 0.16522718738265496
      },
      "3": {
        "top1": 2.6023282012767623,
        "top3": 0.3304543747652957,
        "top5": 0.1764926774314688
      },
      "4": {
        "top1": 3.481036425084497,
        "top3": 0.4130679684566303,
        "top5": 0.19526849417950132
      },
      "5": {
        "top1": 19.564401051445742,
        "top3": 6.20728501689824,
        "top5": 3.882838903492299
      }
    },
    "impulse_noise": {
      "1": {
        "top1": 45.55013143071724,
        "top3": 26.890724746526473,
        "top5": 21.137814494930524
      },
      "2": {
        "top1": 66.93203154337213,
        "top3": 50.09763424708975,
        "top5": 42.96657904618851
      },
      "3": {
        "top1": 86.2485918137439,
        "top3": 75.44123169357867,
        "top5": 69.29027412692452
      },
      "4": {
        "top1": 93.5486293653774,
        "top3": 86.81562147953436,
        "top5": 82.25309800976342
      },
      "5": {
        "top1": 96.99962448366504,
        "top3": 92.24934284641382,
        "top5": 89.32407059707097
      }
    },
    "gaussian_blur": {
      "1": {
        "top1": 2.5272249342846465,
        "top3": 0.37551633496056525,
        "top5": 0.18400300413067328
      },
      "2": {
        "top1": 7.694329703342092,
        "top3": 4.0142696207284985,
        "top5": 3.225685317311303
      },
      "3": {
        "top1": 81.84754036800601,
        "top3": 74.85167104769057,
        "top5": 70.81111528351484
      },
      "4": {
        "top1": 98.12241832519715,
        "top3": 95.73413443484792,
        "top5": 93.6800600826136
      },
      "5": {
        "top1": 99.30904994367255,
        "top3": 97.92339466766805,
        "top5": 96.62410814870447
      }
    },
    "defocus_blur": {
      "1": {
        "top1": 2.8238828389034865,
        "top3": 0.49943672549756,
        "top5": 0.2703717611716172
      },
      "2": {
        "top1": 38.31768681937664,
        "top3": 28.434096883214423,
        "top5": 25.129553135561395
      },
      "3": {
        "top1": 95.17085993240705,
        "top3": 91.56965828013519,
        "top5": 88.68569282763801
      },
      "4": {
        "top1": 98.95606458880961,
        "top3": 97.14607585429967,
        "top5": 95.54262110401802
      },
      "5": {
        "top1": 99.38039804731505,
        "top3": 98.0322944048066,
        "top5": 96.74051821254224
      }
    },
    "stroke_thinning": {
      "1": {
        "top1": 2.6023282012767623,
        "top3": 0.3304543747652957,
        "top5": 0.16522718738265496
      },
      "2": {
        "top1": 2.6436349981224225,
        "top3": 0.3379647014645144,
        "top5": 0.16522718738265496
      },
      "3": {
        "top1": 3.225685317311303,
        "top3": 0.473150582050323,
        "top5": 0.24033045437477085
      },
      "4": {
        "top1": 4.457378895981975,
        "top3": 0.7059707097258752,
        "top5": 0.3642508449117514
      },
      "5": {
        "top1": 4.457378895981975,
        "top3": 0.7059707097258752,
        "top5": 0.3642508449117514
      }
    },
    "elastic": {
      "1": {
        "top1": 2.598573037927153,
        "top3": 0.35674051821254693,
        "top5": 0.1764926774314688
      },
      "2": {
        "top1": 2.831393165602705,
        "top3": 0.3792714983101746,
        "top5": 0.18400300413067328
      },
      "3": {
        "top1": 3.4660157716860738,
        "top3": 0.4543747653022905,
        "top5": 0.22155463762673833
      },
      "4": {
        "top1": 5.024408561772432,
        "top3": 0.6684190762298101,
        "top5": 0.34171986481412375
      },
      "5": {
        "top1": 10.108899737138572,
        "top3": 2.16672925272249,
        "top5": 1.1378144949305238
      }
    },
    "pixelate": {
      "1": {
        "top1": 2.99662035298536,
        "top3": 0.4205782951558348,
        "top5": 0.2027788208787058
      },
      "2": {
        "top1": 3.548629365377394,
        "top3": 0.6196019526849454,
        "top5": 0.29290274126924487
      },
      "3": {
        "top1": 3.7701840030041325,
        "top3": 0.7848291400675862,
        "top5": 0.43559894855425796
      },
      "4": {
        "top1": 31.141569658280133,
        "top3": 17.04844160720991,
        "top5": 12.944048066090872
      },
      "5": {
        "top1": 87.77694329703343,
        "top3": 79.29778445362373,
        "top5": 73.93541119038679
      }
    },
    "contrast": {
      "1": {
        "top1": 2.549755914382274,
        "top3": 0.34923019151332824,
        "top5": 0.15396169733382692
      },
      "2": {
        "top1": 2.636124671423204,
        "top3": 0.38302666165978394,
        "top5": 0.1689823507322501
      },
      "3": {
        "top1": 2.8877206158467885,
        "top3": 0.43559894855425796,
        "top5": 0.21779947427712898
      },
      "4": {
        "top1": 81.7686819376643,
        "top3": 73.25572662410815,
        "top5": 68.95606458880961
      },
      "5": {
        "top1": 99.34660157716861,
        "top3": 98.06609087495306,
        "top5": 96.80060082613593
      }
    },
    "scale": {
      "1": {
        "top1": 2.5384904243334603,
        "top3": 0.3529853548629376,
        "top5": 0.18024784078107814
      },
      "2": {
        "top1": 2.5948178745775436,
        "top3": 0.3304543747652957,
        "top5": 0.16522718738265496
      },
      "3": {
        "top1": 3.225685317311303,
        "top3": 0.6120916259857268,
        "top5": 0.3717611716109701
      },
      "4": {
        "top1": 44.502440856177245,
        "top3": 33.51858805858055,
        "top5": 29.26398798347728
      },
      "5": {
        "top1": 98.76455125797972,
        "top3": 97.01840030041306,
        "top5": 95.41494555013143
      }
    }
  },
  "mce": {
    "top1": 0.9613458244919866,
    "top3": 2.094848880578833,
    "top5": 3.491950408542155,
    "avg": 2.182715037870991
  }
}