{
  "model": "efficientnet_b0",
  "seed": 1,
  "protocol": "writer_independent",
  "version": "A",
  "clean": {
    "top1": 97.57755441463591,
    "top3": 99.72883071805626,
    "top5": 99.86622315424108
  },
  "corrupted": {
    "gaussian_noise": {
      "1": {
        "top1": 3.4275797237688863,
        "top3": 0.4266396702581545,
        "top5": 0.21331983512907016
      },
      "2": {
        "top1": 9.834405958493022,
        "top3": 1.5293947501626945,
        "top5": 0.8062766649793929
      },
      "3": {
        "top1": 22.069563959794635,
        "top3": 5.528237761226407,
        "top5": 3.000940053510732
      },
      "4": {
        "top1": 33.201966881191694,
        "top3": 11.891676910839536,
        "top5": 7.140791091185193
      },
      "5": {
        "top1": 64.4153590281293,
        "top3": 40.68985465326488,
        "top5": 30.775905705401698
      }
    },
    "shot_noise": {
      "1": {
        "top1": 17.86101670402776,
        "top3": 3.7891387663605514,
        "top5": 1.9813435534022688
      },
      "2": {
        "top1": 21.563381300166313,
        "top3": 5.459541543133994,
        "top5": 2.9792465109552353
      },
      "3": {
        "top1": 22.17441608214621,
        "top3": 5.850025309132988,
        "top5": 3.134716899269648
      },
      "4": {
        "top1": 19.520572709523464,
        "top3": 4.931665340950175,
        "top5": 2.7767734471039063
      },
      "5": {
        "top1": 21.303058789500326,
        "top3": 6.374285920890884,
        "top5": 3.7240581386940477
      }
    },
    "impulse_noise": {
      "1": {
        "top1": 41.177959360763616,
        "top3": 21.509147443777564,
        "top5": 15.565116783570758
      },
      "2": {
        "top1": 77.68457589124304,
        "top3": 58.037457516812495,
        "top5": 47.573938824209996
      },
      "3": {
        "top1": 95.39373779738231,
        "top3": 89.04837659989876,
        "top5": 82.97418468435896
      },
      "4": {
        "top1": 97.98611613276448,
        "top3": 94.32713862173694,
        "top5": 91.07310723841204
      },
      "5": {
        "top1": 98.55014823920746,
        "top3": 96.48203051558319,
        "top5": 94.66700412177309
      }
    },
    "gaussian_blur": {
      "1": {
        "top1": 2.92862824499241,
        "top3": 0.40133053727673484,
        "top5": 0.17716393086990934
      },
      "2": {
        "top1": 4.606262202617685,
        "top3": 0.7773519415720642,
        "top5": 0.4374864415359099
      },
      "3": {
        "top1": 16.244847783643067,
        "top3": 6.533371899631206,
        "top5": 4.44356063345144
      },
      "4": {
        "top1": 71.93578711403572,
        "top3": 57.27818352737002,
        "top5": 50.365174633017574
      },
      "5": {
        "top1": 97.62817268059874,
        "top3": 94.53322727601417,
        "top5": 92.38195097259383
      }
    },
    "defocus_blur": {
      "1": {
        "top1": 3.499891532287222,
        "top3": 0.5134138404801547,
        "top5": 0.25309132981415416
      },
      "2": {
        "top1": 7.039554559259528,
        "top3": 1.6812495480511984,
        "top5": 0.9002820160532252
      },
      "3": {
        "top1": 39.81126617976716,
        "top3": 24.029213970641408,
        "top5": 18.70706486369224
      },
      "4": {
        "top1": 89.5798683925085,
        "top3": 79.69845975847856,
        "top5": 73.9388242099935
      },
      "5": {
        "top1": 98.65500036155905,
        "top3": 96.76043097837876,
        "top5": 95.29250126545665
      }
    },
    "stroke_thinning": {
      "1": {
        "top1": 2.4296767662159198,
        "top3": 0.27478487236966487,
        "top5": 0.13016125533299316
      },
      "2": {
        "top1": 2.440523537493675,
        "top3": 0.285631643647406,
        "top5": 0.122930074481161
      },
      "3": {
        "top1": 3.250415792898977,
        "top3": 0.40133053727673484,
        "top5": 0.162701569166245
      },
      "4": {
        "top1": 5.217296984597581,
        "top3": 0.6652686383686444,
        "top5": 0.28201605322149703
      },
      "5": {
        "top1": 5.217296984597581,
        "top3": 0.6652686383686444,
        "top5": 0.28201605322149703
      }
    },
    "elastic": {
      "1": {
        "top1": 2.7080772290114936,
        "top3": 0.3037095957769935,
        "top5": 0.14823920746258068
      },
      "2": {
        "top1": 2.925012654566487,
        "top3": 0.3470966808879865,
        "top5": 0.14823920746258068
      },
      "3": {
        "top1": 3.6734398727312225,
        "top3": 0.488104707498735,
        "top5": 0.21693542555499334
      },
      "4": {
        "top1": 5.553546894207827,
        "top3": 0.7195024947573927,
        "top5": 0.3868681755730705
      },
      "5": {
        "top1": 12.70518475667076,
        "top3": 2.874394388603662,
        "top5": 1.4860076650517016
      }
    },
    "pixelate": {
      "1": {
        "top1": 2.9105502928628226,
        "top3": 0.36155904259165084,
        "top5": 0.1663171595921682
      },
      "2": {
        "top1": 3.987996239785957,
        "top3": 0.6833465904982319,
        "top5": 0.35794345216574186
      },
      "3": {
        "top1": 4.700267553691518,
        "top3": 0.9834405958493022,
        "top5": 0.5857256489984763
      },
      "4": {
        "top1": 46.57242027623111,
        "top3": 28.346228939185764,
        "top5": 21.61761515655506
      },
      "5": {
        "top1": 91.74199146720659,
        "top3": 84.04801504085617,
        "top5": 78.42215633813001
      }
    },
    "contrast": {
      "1": {
        "top1": 2.4694482609010038,
        "top3": 0.27840046279557384,
        "top5": 0.1446236170366575
      },
      "2": {
        "top1": 2.523682117289752,
        "top3": 0.3037095957769935,
        "top5": 0.13739243618482533
      },
      "3": {
        "top1": 2.711692819437417,
        "top3": 0.30009400535107034,
        "top5": 0.1446236170366575
      },
      "4": {
        "top1": 3.329958782269145,
        "top3": 0.3543278617398187,
        "top5": 0.16993275001807717
      },
      "5": {
        "top1": 6.4357509581314645,
        "top3": 0.7628895798683857,
        "top5": 0.3507122713139097
      }
    },
    "scale": {
      "1": {
        "top1": 2.758695494974333,
        "top3": 0.3543278617398187,
        "top5": 0.1663171595921682
      },
      "2": {
        "top1": 2.4224455853640876,
        "top3": 0.2711692819437417,
        "top5": 0.13377684575891635
      },
      "3": {
        "top1": 3.6662086918793904,
        "top3": 0.5387229734615602,
        "top5": 0.285631643647406
      },
      "4": {
        "top1": 12.51717405452311,
        "top3": 3.611974835490642,
        "top5": 2.2055101598090943
      },
      "5": {
        "top1": 92.17586231831658,
        "top3": 84.32641550365175,
        "top5": 79.45983079036807
      }
    }
  },
  "mce": {
    "top1": 1.52911685164274,
    "top3": 1.9458593160627848,
    "top5": 2.0051553674926432,
    "avg": 1.826710511732723
  }
}