{
  "model": "vgg16_bn",
  "seed": 42,
  "protocol": "writer_independent",
  "version": "A",
  "clean": {
    "top1": 97.26810437622954,
    "top3": 99.61397127055417,
    "top5": 99.79956200586467
  },
  "corrupted": {
    "gaussian_noise": {
      "1": {
        "top1": 2.735607438476677,
        "top3": 0.40087598827066984,
        "top5": 0.1967261794291204
      },
      "2": {
        "top1": 2.8989272855499024,
        "top3": 0.4268586912141359,
        "top5": 0.22270888237258646
      },
      "3": {
        "top1": 3.3183623473516235,
        "top3": 0.5679076500501026,
        "top5": 0.285809732378155
      },
      "4": {
        "top1": 4.8550536357224985,
        "top3": 0.9279536765524625,
        "top5": 0.486247726513497
      },
      "5": {
        "top1": 23.26565457852344,
        "top3": 9.361196689061288,
        "top5": 6.050257971122079
      }
    },
    "shot_noise": {
      "1": {
        "top1": 3.422293159125502,
        "top3": 0.5716194647563242,
        "top5": 0.31179243532163525
      },
      "2": {
        "top1": 4.528413941576034,
        "top3": 0.8759882706655304,
        "top5": 0.4714004676886532
      },
      "3": {
        "top1": 8.707917300768344,
        "top3": 2.163987973720353,
        "top5": 1.2174752236368391
      },
      "4": {
        "top1": 26.654541405293045,
        "top3": 11.681080880442451,
        "top5": 7.854199918340072
      },
      "5": {
        "top1": 79.1210422775695,
        "top3": 63.282728926172005,
        "top5": 56.089232025537285
      }
    },
    "impulse_noise": {
      "1": {
        "top1": 59.55235514643109,
        "top3": 41.52407111836977,
        "top5": 34.94302364425968
      },
      "2": {
        "top1": 85.8171560075721,
        "top3": 74.47385026539476,
        "top5": 68.11179985895104
      },
      "3": {
        "top1": 96.23250807319698,
        "top3": 92.19034185813445,
        "top5": 89.79250955792287
      },
      "4": {
        "top1": 98.24431164396273,
        "top3": 95.84647934375116,
        "top5": 93.78642218180468
      },
      "5": {
        "top1": 98.97925095579228,
        "top3": 97.60216769978842,
        "top5": 95.91700382316915
      }
    },
    "gaussian_blur": {
      "1": {
        "top1": 2.8580973237815925,
        "top3": 0.40829961768308465,
        "top5": 0.17816710589806917
      },
      "2": {
        "top1": 83.63089714561448,
        "top3": 68.5497939942838,
        "top5": 61.445380646598124
      },
      "3": {
        "top1": 98.93470917931776,
        "top3": 97.30522252329163,
        "top5": 95.80193756727664
      },
      "4": {
        "top1": 99.11287628521585,
        "top3": 97.74692847333061,
        "top5": 96.22137262907836
      },
      "5": {
        "top1": 99.28733157640771,
        "top3": 97.95107828217215,
        "top5": 96.52945324969377
      }
    },
    "defocus_blur": {
      "1": {
        "top1": 4.331687762146913,
        "top3": 0.7831929030102884,
        "top5": 0.3897405441520334
      },
      "2": {
        "top1": 98.69344122341413,
        "top3": 96.39582792027022,
        "top5": 94.71808767306337
      },
      "3": {
        "top1": 99.01636910285438,
        "top3": 97.62815040273189,
        "top5": 96.07290004082996
      },
      "4": {
        "top1": 99.18711257934004,
        "top3": 97.78775843509892,
        "top5": 96.32530344085224
      },
      "5": {
        "top1": 99.32073790876359,
        "top3": 97.9733491704094,
        "top5": 96.6148249879366
      }
    },
    "stroke_thinning": {
      "1": {
        "top1": 2.7393192531828845,
        "top3": 0.386028729445826,
        "top5": 0.2004379941353278
      },
      "2": {
        "top1": 2.7318956237704555,
        "top3": 0.3897405441520334,
        "top5": 0.20414980884154943
      },
      "3": {
        "top1": 3.507664897368329,
        "top3": 0.5753312794625316,
        "top5": 0.2746742882595328
      },
      "4": {
        "top1": 5.296759585761478,
        "top3": 0.8240228647785841,
        "top5": 0.4417059500389797
      },
      "5": {
        "top1": 5.296759585761478,
        "top3": 0.8240228647785841,
        "top5": 0.4417059500389797
      }
    },
    "elastic": {
      "1": {
        "top1": 2.809843732600868,
        "top3": 0.40087598827066984,
        "top5": 0.2004379941353278
      },
      "2": {
        "top1": 3.0251289855610395,
        "top3": 0.4268586912141359,
        "top5": 0.22270888237258646
      },
      "3": {
        "top1": 3.826880962102365,
        "top3": 0.5901785382873754,
        "top5": 0.2895215470843766
      },
      "4": {
        "top1": 5.55287480048996,
        "top3": 0.8982591589027891,
        "top5": 0.4268586912141359
      },
      "5": {
        "top1": 12.401172933447157,
        "top3": 3.273820570877106,
        "top5": 1.7000111354441145
      }
    },
    "pixelate": {
      "1": {
        "top1": 3.054823503210713,
        "top3": 0.4676886529824458,
        "top5": 0.2524034000222741
      },
      "2": {
        "top1": 4.108978879774327,
        "top3": 0.7943283471289107,
        "top5": 0.4305705059203433
      },
      "3": {
        "top1": 4.7622582680672565,
        "top3": 1.1172562265691681,
        "top5": 0.6347203147618927
      },
      "4": {
        "top1": 31.639508555732903,
        "top3": 17.70906796332727,
        "top5": 13.45532831001077
      },
      "5": {
        "top1": 88.79403140195241,
        "top3": 80.41646561003674,
        "top5": 74.84131992130952
      }
    },
    "contrast": {
      "1": {
        "top1": 2.7393192531828845,
        "top3": 0.40087598827066984,
        "top5": 0.1893025500167056
      },
      "2": {
        "top1": 2.828402806131919,
        "top3": 0.4305705059203433,
        "top5": 0.17445529119186176
      },
      "3": {
        "top1": 3.021417170854832,
        "top3": 0.4379941353327581,
        "top5": 0.20786162354775684
      },
      "4": {
        "top1": 4.921866300434289,
        "top3": 0.9019709736089965,
        "top5": 0.4379941353327581
      },
      "5": {
        "top1": 99.36527968523811,
        "top3": 98.1552280910137,
        "top5": 96.81526298207193
      }
    },
    "scale": {
      "1": {
        "top1": 2.7578783267139357,
        "top3": 0.3934523588582408,
        "top5": 0.17445529119186176
      },
      "2": {
        "top1": 2.7318956237704555,
        "top3": 0.386028729445826,
        "top5": 0.2004379941353278
      },
      "3": {
        "top1": 5.396978582829149,
        "top3": 1.1543743736312706,
        "top5": 0.5938903529935828
      },
      "4": {
        "top1": 98.51898593222226,
        "top3": 96.0097991908244,
        "top5": 94.2429753906685
      },
      "5": {
        "top1": 99.23536617052076,
        "top3": 97.75435210274303,
        "top5": 96.06918822612376
      }
    }
  },
  "mce": {
    "top1": 1.0,
    "top3": 1.0,
    "top5": 1.0,
    "avg": 1.0
  }
}