{
  "model": "mnasnet0_5",
  "seed": 42,
  "protocol": "writer_independent",
  "version": "A",
  "clean": {
    "top1": 96.74845031736015,
    "top3": 99.56942949407966,
    "top5": 99.8106974499833
  },
  "corrupted": {
    "gaussian_noise": {
      "1": {
        "top1": 98.63776400282097,
        "top3": 95.95412197023124,
        "top5": 93.93118295534687
      },
      "2": {
        "top1": 99.23165435581456,
        "top3": 98.15151627630749,
        "top5": 96.83753387030919
      },
      "3": {
        "top1": 99.34300879700085,
        "top3": 98.10697449983297,
        "top5": 96.77814483500984
      },
      "4": {
        "top1": 99.34672061170707,
        "top3": 98.07727998218328,
        "top5": 96.73731487324153
      },
      "5": {
        "top1": 99.39126238818159,
        "top3": 98.09212724100813,
        "top5": 96.8004157232471
      }
    },
    "shot_noise": {
      "1": {
        "top1": 99.31702609405738,
        "top3": 97.69867488214989,
        "top5": 96.40696336438884
      },
      "2": {
        "top1": 99.4729223117182,
        "top3": 97.89911287628522,
        "top5": 96.33643888497086
      },
      "3": {
        "top1": 99.40239783230021,
        "top3": 98.10326268512677,
        "top5": 96.64080769088007
      },
      "4": {
        "top1": 99.36527968523811,
        "top3": 98.19976986748821,
        "top5": 96.8041275379533
      },
      "5": {
        "top1": 99.3615678705319,
        "top3": 98.1552280910137,
        "top5": 97.01198916150106
      }
    },
    "impulse_noise": {
      "1": {
        "top1": 67.02794996473776,
        "top3": 45.42890018930255,
        "top5": 34.92446457072863
      },
      "2": {
        "top1": 92.58379421699269,
        "top3": 81.47433280130656,
        "top5": 74.31424223302773
      },
      "3": {
        "top1": 97.73208121450577,
        "top3": 92.20147730225307,
        "top5": 87.45777810771686
      },
      "4": {
        "top1": 98.44474963809806,
        "top3": 94.59188597305223,
        "top5": 91.81173675810103
      },
      "5": {
        "top1": 98.57837496752163,
        "top3": 96.13600089083553,
        "top5": 94.66612226717642
      }
    },
    "gaussian_blur": {
      "1": {
        "top1": 7.16380238298504,
        "top3": 1.124679855981583,
        "top5": 0.5345013176942217
      },
      "2": {
        "top1": 14.138302215953374,
        "top3": 3.3925986414758142,
        "top5": 1.7853828736869417
      },
      "3": {
        "top1": 67.07249174121227,
        "top3": 46.05619687465202,
        "top5": 36.03058535317917
      },
      "4": {
        "top1": 96.73731487324153,
        "top3": 92.69514865817898,
        "top5": 88.68267696076612
      },
      "5": {
        "top1": 98.9458446234364,
        "top3": 96.9488883114955,
        "top5": 95.92442745258157
      }
    },
    "defocus_blur": {
      "1": {
        "top1": 9.264689506699824,
        "top3": 1.6517575442633898,
        "top5": 0.8017519765413255
      },
      "2": {
        "top1": 31.832522920455816,
        "top3": 12.95423332467243,
        "top5": 7.727998218328935
      },
      "3": {
        "top1": 89.79993318733528,
        "top3": 78.21164767454809,
        "top5": 71.61946475631936
      },
      "4": {
        "top1": 97.73579302921198,
        "top3": 95.96525741434988,
        "top5": 93.6824913700308
      },
      "5": {
        "top1": 99.33929698229464,
        "top3": 97.32378159682268,
        "top5": 96.39582792027022
      }
    },
    "stroke_thinning": {
      "1": {
        "top1": 3.2441260532274185,
        "top3": 0.4342823206265507,
        "top5": 0.193014364722913
      },
      "2": {
        "top1": 3.270108756170899,
        "top3": 0.4417059500389797,
        "top5": 0.193014364722913
      },
      "3": {
        "top1": 3.986488994469397,
        "top3": 0.6235848706432563,
        "top5": 0.2783861029657402
      },
      "4": {
        "top1": 7.393934894770055,
        "top3": 1.1803570765747367,
        "top5": 0.5716194647563242
      },
      "5": {
        "top1": 7.393934894770055,
        "top3": 1.1803570765747367,
        "top5": 0.5716194647563242
      }
    },
    "elastic": {
      "1": {
        "top1": 4.131249768011585,
        "top3": 0.5604840206376878,
        "top5": 0.2524034000222741
      },
      "2": {
        "top1": 4.535837570988463,
        "top3": 0.6569912029991514,
        "top5": 0.285809732378155
      },
      "3": {
        "top1": 5.333877732823581,
        "top3": 0.7646338294792372,
        "top5": 0.3489105823837235
      },
      "4": {
        "top1": 7.119260606510522,
        "top3": 1.1952043353995805,
        "top5": 0.4936713559259118
      },
      "5": {
        "top1": 14.739616198359371,
        "top3": 3.515088526780744,
        "top5": 1.9858208678222837
      }
    },
    "pixelate": {
      "1": {
        "top1": 4.829070932779032,
        "top3": 0.7200920530047199,
        "top5": 0.35633421179615254
      },
      "2": {
        "top1": 10.122118703834303,
        "top3": 2.5203221855165054,
        "top5": 1.3473887383541836
      },
      "3": {
        "top1": 13.540700048253598,
        "top3": 4.435618573920792,
        "top5": 2.694777476708367
      },
      "4": {
        "top1": 64.81942021454289,
        "top3": 48.19791396013511,
        "top5": 41.03782339185628
      },
      "5": {
        "top1": 90.55343157269589,
        "top3": 83.12609034556995,
        "top5": 78.59396458928771
      }
    },
    "contrast": {
      "1": {
        "top1": 3.3109387179391945,
        "top3": 0.4268586912141359,
        "top5": 0.15589621766081052
      },
      "2": {
        "top1": 3.656137485616725,
        "top3": 0.486247726513497,
        "top5": 0.21157343825396424
      },
      "3": {
        "top1": 4.45788946215805,
        "top3": 0.6421439441743075,
        "top5": 0.285809732378155
      },
      "4": {
        "top1": 9.450280242010322,
        "top3": 1.963549979585025,
        "top5": 0.8982591589027891
      },
      "5": {
        "top1": 69.75984558850823,
        "top3": 46.141568612894844,
        "top5": 34.415945955977875
      }
    },
    "scale": {
      "1": {
        "top1": 6.1133588211276475,
        "top3": 0.8908355294903743,
        "top5": 0.41201143238929205
      },
      "2": {
        "top1": 3.2515496826398476,
        "top3": 0.4305705059203433,
        "top5": 0.1893025500167056
      },
      "3": {
        "top1": 9.509669277309683,
        "top3": 1.7482647266248534,
        "top5": 0.8500055677220644
      },
      "4": {
        "top1": 40.67406555064771,
        "top3": 19.869344122341417,
        "top5": 12.720388998181207
      },
      "5": {
        "top1": 97.5539141086077,
        "top3": 95.69800675550276,
        "top5": 93.64908503767492
      }
    }
  },
  "mce": {
    "top1": 4.890133782805476,
    "top3": 22.985059146857093,
    "top5": 42.483632949248154,
    "avg": 23.452941959636906
  }
}