{
  "model": "efficientnet_b0",
  "seed": 123,
  "protocol": "writer_independent",
  "version": "A",
  "clean": {
    "top1": 97.5028163725122,
    "top3": 99.71085242208036,
    "top5": 99.87232444611341
  },
  "corrupted": {
    "gaussian_noise": {
      "1": {
        "top1": 2.9402929027412625,
        "top3": 0.39429215170859777,
        "top5": 0.17273751408185944
      },
      "2": {
        "top1": 7.438978595568912,
        "top3": 1.4645137063462244,
        "top5": 0.6721742395794195
      },
      "3": {
        "top1": 39.56064588809613,
        "top3": 18.441607209913627,
        "top5": 11.791212917761925
      },
      "4": {
        "top1": 81.83251971460759,
        "top3": 67.73188133683814,
        "top5": 56.37626736763049
      },
      "5": {
        "top1": 94.61509575666541,
        "top3": 89.00488171235449,
        "top5": 84.4048066090875
      }
    },
    "shot_noise": {
      "1": {
        "top1": 40.067592940292904,
        "top3": 19.50056327450244,
        "top5": 12.699962448366506
      },
      "2": {
        "top1": 70.88621855050695,
        "top3": 52.28313931656027,
        "top5": 40.886218550506946
      },
      "3": {
        "top1": 88.44160720991363,
        "top3": 77.75065715358619,
        "top5": 69.2114156965828
      },
      "4": {
        "top1": 93.24821629740893,
        "top3": 86.3124295906872,
        "top5": 80.90499436725497
      },
      "5": {
        "top1": 95.36612842658656,
        "top3": 90.15396169733384,
        "top5": 86.3800225309801
      }
    },
    "impulse_noise": {
      "1": {
        "top1": 56.139692076605336,
        "top3": 37.04468644386031,
        "top5": 29.09500563274503
      },
      "2": {
        "top1": 86.35373638753286,
        "top3": 75.29853548629366,
        "top5": 67.58167480285393
      },
      "3": {
        "top1": 96.45888096132182,
        "top3": 91.4494930529478,
        "top5": 88.26135936913256
      },
      "4": {
        "top1": 98.2876455125798,
        "top3": 94.83665039429215,
        "top5": 92.31693578670672
      },
      "5": {
        "top1": 98.92602328201276,
        "top3": 96.5114532482163,
        "top5": 94.38227562898986
      }
    },
    "gaussian_blur": {
      "1": {
        "top1": 2.891475779196398,
        "top3": 0.39429215170859777,
        "top5": 0.17273751408185944
      },
      "2": {
        "top1": 3.800225309800979,
        "top3": 0.6045812992865223,
        "top5": 0.26661659782200786
      },
      "3": {
        "top1": 20.7209913631243,
        "top3": 11.336838152459634,
        "top5": 8.704468644386026
      },
      "4": {
        "top1": 89.8685692827638,
        "top3": 80.47690574539993,
        "top5": 74.72775065715359
      },
      "5": {
        "top1": 99.12504693954187,
        "top3": 97.61171610965077,
        "top5": 96.29740893728878
      }
    },
    "defocus_blur": {
      "1": {
        "top1": 3.161847540368001,
        "top3": 0.4543747653022905,
        "top5": 0.18024784078107814
      },
      "2": {
        "top1": 6.406308674427336,
        "top3": 1.5696582801351866,
        "top5": 0.9162598573037997
      },
      "3": {
        "top1": 60.28914757791964,
        "top3": 44.24708974840406,
        "top5": 37.40142696207285
      },
      "4": {
        "top1": 97.40518212542246,
        "top3": 92.46338715734134,
        "top5": 89.84603830266616
      },
      "5": {
        "top1": 99.32782576042058,
        "top3": 98.04731505820503,
        "top5": 96.7818250093879
      }
    },
    "stroke_thinning": {
      "1": {
        "top1": 2.4971836274878,
        "top3": 0.29290274126924487,
        "top5": 0.12016522718738543
      },
      "2": {
        "top1": 2.5197146075854278,
        "top3": 0.2966579046188542,
        "top5": 0.12392039053699477
      },
      "3": {
        "top1": 3.2707472775065725,
        "top3": 0.473150582050323,
        "top5": 0.22530980097634767
      },
      "4": {
        "top1": 4.588809613218174,
        "top3": 0.7134810364250797,
        "top5": 0.34171986481412375
      },
      "5": {
        "top1": 4.588809613218174,
        "top3": 0.7134810364250797,
        "top5": 0.34171986481412375
      }
    },
    "elastic": {
      "1": {
        "top1": 2.6586556515208457,
        "top3": 0.3454750281637189,
        "top5": 0.14645137063462244
      },
      "2": {
        "top1": 2.9665790461885138,
        "top3": 0.4243334585054441,
        "top5": 0.18775816748028262
      },
      "3": {
        "top1": 3.7326323695080674,
        "top3": 0.5595193390912527,
        "top5": 0.25535110777319403
      },
      "4": {
        "top1": 5.632745024408564,
        "top3": 0.8899737138565484,
        "top5": 0.46188509200149497
      },
      "5": {
        "top1": 12.737514081862557,
        "top3": 3.3120540743522326,
        "top5": 1.7874577544123156
      }
    },
    "pixelate": {
      "1": {
        "top1": 2.883965452497179,
        "top3": 0.3980473150582071,
        "top5": 0.17273751408185944
      },
      "2": {
        "top1": 3.8978595568907224,
        "top3": 0.7097258730754845,
        "top5": 0.3304543747652957
      },
      "3": {
        "top1": 4.273375891851302,
        "top3": 0.8636875704093114,
        "top5": 0.446864438603086
      },
      "4": {
        "top1": 35.8542996620353,
        "top3": 20.138941043935418,
        "top5": 14.930529478032298
      },
      "5": {
        "top1": 89.92114156965827,
        "top3": 82.00150206533985,
        "top5": 76.6503942921517
      }
    },
    "contrast": {
      "1": {
        "top1": 2.523469770935037,
        "top3": 0.2966579046188542,
        "top5": 0.15771686068343627
      },
      "2": {
        "top1": 2.5460007510326648,
        "top3": 0.3041682313180587,
        "top5": 0.15020653398423178
      },
      "3": {
        "top1": 2.6173488546751713,
        "top3": 0.33420953811490506,
        "top5": 0.1351858805858086
      },
      "4": {
        "top1": 2.944048066090872,
        "top3": 0.38302666165978394,
        "top5": 0.1351858805858086
      },
      "5": {
        "top1": 7.326323695080731,
        "top3": 1.1565903116785563,
        "top5": 0.5294780322944064
      }
    },
    "scale": {
      "1": {
        "top1": 2.748779571911385,
        "top3": 0.37551633496056525,
        "top5": 0.1614720240330456
      },
      "2": {
        "top1": 2.4971836274878,
        "top3": 0.2891475779196355,
        "top5": 0.1276755538865899
      },
      "3": {
        "top1": 3.4134434847915855,
        "top3": 0.473150582050323,
        "top5": 0.19151333082989197
      },
      "4": {
        "top1": 8.280135185880582,
        "top3": 2.110401802478407,
        "top5": 1.2579797221179092
      },
      "5": {
        "top1": 97.67179872324446,
        "top3": 92.72624859181374,
        "top5": 89.81599699586931
      }
    }
  },
  "mce": {
    "top1": 1.7649785805367988,
    "top3": 3.7963582519939236,
    "top5": 4.913577518912826,
    "avg": 3.491638117147849
  }
}