{
  "model": "swin_t",
  "seed": 1,
  "protocol": "writer_independent",
  "version": "A",
  "clean": {
    "top1": 97.27022922843301,
    "top3": 99.62397859570468,
    "top5": 99.84452961168559
  },
  "corrupted": {
    "gaussian_noise": {
      "1": {
        "top1": 2.726155181141081,
        "top3": 0.37602140429531516,
        "top5": 0.15547038831441284
      },
      "2": {
        "top1": 2.72977077156699,
        "top3": 0.3724058138694062,
        "top5": 0.15185479788848966
      },
      "3": {
        "top1": 2.715308409863326,
        "top3": 0.368790223443483,
        "top5": 0.15908597874032182
      },
      "4": {
        "top1": 2.722539590715158,
        "top3": 0.36155904259165084,
        "top5": 0.15547038831441284
      },
      "5": {
        "top1": 6.088654277243478,
        "top3": 1.0015185479788897,
        "top5": 0.4555643936654832
      }
    },
    "shot_noise": {
      "1": {
        "top1": 2.72977077156699,
        "top3": 0.37602140429531516,
        "top5": 0.162701569166245
      },
      "2": {
        "top1": 2.7333863619929133,
        "top3": 0.37602140429531516,
        "top5": 0.162701569166245
      },
      "3": {
        "top1": 2.8165449417889903,
        "top3": 0.36155904259165084,
        "top5": 0.15908597874032182
      },
      "4": {
        "top1": 7.108250777351941,
        "top3": 1.3377684575891209,
        "top5": 0.690577771350064
      },
      "5": {
        "top1": 52.11150480873527,
        "top3": 34.93383469520573,
        "top5": 28.747559476462513
      }
    },
    "impulse_noise": {
      "1": {
        "top1": 45.40820015908598,
        "top3": 26.274495625135586,
        "top5": 20.319618193651024
      },
      "2": {
        "top1": 84.84706052498373,
        "top3": 70.99934919372333,
        "top5": 63.544001735483405
      },
      "3": {
        "top1": 97.9463446380794,
        "top3": 95.48051196760431,
        "top5": 93.56424904186854
      },
      "4": {
        "top1": 98.42360257430039,
        "top3": 97.07137175500759,
        "top5": 96.09877793043604
      },
      "5": {
        "top1": 98.59353532431847,
        "top3": 97.5341673295249,
        "top5": 96.61942295176803
      }
    },
    "gaussian_blur": {
      "1": {
        "top1": 2.8165449417889903,
        "top3": 0.4302552606840635,
        "top5": 0.16993275001807717
      },
      "2": {
        "top1": 8.941355123291629,
        "top3": 3.8722973461566284,
        "top5": 2.874394388603662
      },
      "3": {
        "top1": 74.3763106515294,
        "top3": 64.33220044833321,
        "top5": 59.14382818714296
      },
      "4": {
        "top1": 96.68450357943452,
        "top3": 93.71248824933112,
        "top5": 91.01164220117145
      },
      "5": {
        "top1": 99.06717767011352,
        "top3": 97.61009472846916,
        "top5": 95.38650661653048
      }
    },
    "defocus_blur": {
      "1": {
        "top1": 3.376961457806061,
        "top3": 0.6616530479427354,
        "top5": 0.31817195748065785
      },
      "2": {
        "top1": 33.75876780678284,
        "top3": 22.53235953431195,
        "top5": 18.547978884951917
      },
      "3": {
        "top1": 91.90469303637283,
        "top3": 86.47407621664618,
        "top5": 82.55839178537855
      },
      "4": {
        "top1": 98.0114252657459,
        "top3": 95.81676187721455,
        "top5": 93.4449345578133
      },
      "5": {
        "top1": 99.30580663822403,
        "top3": 98.08735266469014,
        "top5": 96.29763540386145
      }
    },
    "stroke_thinning": {
      "1": {
        "top1": 2.7370019524188365,
        "top3": 0.3724058138694062,
        "top5": 0.15185479788848966
      },
      "2": {
        "top1": 2.7333863619929133,
        "top3": 0.37602140429531516,
        "top5": 0.15547038831441284
      },
      "3": {
        "top1": 3.290187287584061,
        "top3": 0.42302407983223134,
        "top5": 0.1843951117217415
      },
      "4": {
        "top1": 5.14498517607926,
        "top3": 0.7809675319979732,
        "top5": 0.3326343191843222
      },
      "5": {
        "top1": 5.14498517607926,
        "top3": 0.7809675319979732,
        "top5": 0.3326343191843222
      }
    },
    "elastic": {
      "1": {
        "top1": 2.8997035215850815,
        "top3": 0.35794345216574186,
        "top5": 0.15185479788848966
      },
      "2": {
        "top1": 3.203413117362061,
        "top3": 0.37602140429531516,
        "top5": 0.17354834044400036
      },
      "3": {
        "top1": 4.280859064285195,
        "top3": 0.5025670692023994,
        "top5": 0.23862896811048984
      },
      "4": {
        "top1": 6.594836936871786,
        "top3": 0.9942873671270576,
        "top5": 0.4374864415359099
      },
      "5": {
        "top1": 15.633813001663171,
        "top3": 3.9699182876563697,
        "top5": 2.068117723624269
      }
    },
    "pixelate": {
      "1": {
        "top1": 2.964784149251571,
        "top3": 0.4302552606840635,
        "top5": 0.19524188299949685
      },
      "2": {
        "top1": 3.5179694844168097,
        "top3": 0.5929568298503085,
        "top5": 0.3037095957769935
      },
      "3": {
        "top1": 3.4673512184539703,
        "top3": 0.6399595053872247,
        "top5": 0.33624990961024537
      },
      "4": {
        "top1": 22.282883794923706,
        "top3": 10.026032251066596,
        "top5": 6.876852990093283
      },
      "5": {
        "top1": 78.03890375298286,
        "top3": 63.692240942945986,
        "top5": 56.171812857039555
      }
    },
    "contrast": {
      "1": {
        "top1": 2.75507990454841,
        "top3": 0.36155904259165084,
        "top5": 0.15185479788848966
      },
      "2": {
        "top1": 2.9069347024369137,
        "top3": 0.40494612770265803,
        "top5": 0.15908597874032182
      },
      "3": {
        "top1": 5.965724202762317,
        "top3": 1.0449056330898827,
        "top5": 0.4700267553691475
      },
      "4": {
        "top1": 95.96138549425122,
        "top3": 89.5798683925085,
        "top5": 85.15438571118663
      },
      "5": {
        "top1": 99.37088726589052,
        "top3": 98.07289030298648,
        "top5": 96.82912719647118
      }
    },
    "scale": {
      "1": {
        "top1": 2.791235808807585,
        "top3": 0.408561718128567,
        "top5": 0.1663171595921682
      },
      "2": {
        "top1": 2.72977077156699,
        "top3": 0.37602140429531516,
        "top5": 0.15547038831441284
      },
      "3": {
        "top1": 3.695133415286719,
        "top3": 0.8243546171089804,
        "top5": 0.44471762238774204
      },
      "4": {
        "top1": 41.029720153301035,
        "top3": 28.06782847639019,
        "top5": 23.226552896087938
      },
      "5": {
        "top1": 98.02950321787547,
        "top3": 95.66490707932606,
        "top5": 93.22076795140646
      }
    }
  },
  "mce": {
    "top1": 1.2042336332241976,
    "top3": 2.6183310058345413,
    "top5": 4.357402224522558,
    "avg": 2.726655621193766
  }
}