{
  "model": "vgg16_bn",
  "seed": 1,
  "protocol": "writer_independent",
  "version": "A",
  "clean": {
    "top1": 97.21599537204426,
    "top3": 99.6275941861306,
    "top5": 99.79391134572276
  },
  "corrupted": {
    "gaussian_noise": {
      "1": {
        "top1": 2.802082580085326,
        "top3": 0.35794345216574186,
        "top5": 0.206088654277238
      },
      "2": {
        "top1": 2.888856750307326,
        "top3": 0.37963699472123835,
        "top5": 0.19885747342540583
      },
      "3": {
        "top1": 3.087714223732732,
        "top3": 0.45917998409140637,
        "top5": 0.23862896811048984
      },
      "4": {
        "top1": 3.6336683780461385,
        "top3": 0.6218815532576514,
        "top5": 0.3290187287584132
      },
      "5": {
        "top1": 11.486730783136892,
        "top3": 3.6734398727312225,
        "top5": 2.3429025959939196
      }
    },
    "shot_noise": {
      "1": {
        "top1": 3.1455636705474035,
        "top3": 0.4772579362209797,
        "top5": 0.23139778725865767
      },
      "2": {
        "top1": 3.543278617398215,
        "top3": 0.6182659628317282,
        "top5": 0.33624990961024537
      },
      "3": {
        "top1": 5.011208330320343,
        "top3": 1.095523899052722,
        "top5": 0.611034781979896
      },
      "4": {
        "top1": 13.692240942945986,
        "top3": 4.88104707498735,
        "top5": 3.116638947140075
      },
      "5": {
        "top1": 68.13941716682334,
        "top3": 51.39923349482971,
        "top5": 44.97432930797599
      }
    },
    "impulse_noise": {
      "1": {
        "top1": 74.54624340154747,
        "top3": 60.42374719791742,
        "top5": 53.568587750379635
      },
      "2": {
        "top1": 90.56692457878371,
        "top3": 83.04649649287728,
        "top5": 78.03528816255695
      },
      "3": {
        "top1": 97.0316002603225,
        "top3": 94.28375153662593,
        "top5": 92.35664183961241
      },
      "4": {
        "top1": 98.15966447320848,
        "top3": 96.89059223371177,
        "top5": 95.42266252078964
      },
      "5": {
        "top1": 98.4272181647263,
        "top3": 97.51247378696941,
        "top5": 96.40248752621304
      }
    },
    "gaussian_blur": {
      "1": {
        "top1": 2.8635476173259065,
        "top3": 0.41940848940632236,
        "top5": 0.2241666064068255
      },
      "2": {
        "top1": 46.29763540386145,
        "top3": 28.77286860944392,
        "top5": 23.078313688625357
      },
      "3": {
        "top1": 99.01294381372477,
        "top3": 97.82703015402416,
        "top5": 96.52180201026827
      },
      "4": {
        "top1": 99.20818569672427,
        "top3": 98.05481235085689,
        "top5": 96.87251428158218
      },
      "5": {
        "top1": 99.37088726589052,
        "top3": 98.11266179767156,
        "top5": 96.87251428158218
      }
    },
    "defocus_blur": {
      "1": {
        "top1": 3.6047436546387956,
        "top3": 0.6038036011280639,
        "top5": 0.3290187287584132
      },
      "2": {
        "top1": 98.54291705835563,
        "top3": 95.6540603080483,
        "top5": 93.62571407910912
      },
      "3": {
        "top1": 99.12141152650227,
        "top3": 98.04034998915323,
        "top5": 96.83997396774893
      },
      "4": {
        "top1": 99.28772868609444,
        "top3": 98.04034998915323,
        "top5": 96.87251428158218
      },
      "5": {
        "top1": 99.37450285631644,
        "top3": 98.1235085689493,
        "top5": 96.87251428158218
      }
    },
    "stroke_thinning": {
      "1": {
        "top1": 2.7876202183816616,
        "top3": 0.37963699472123835,
        "top5": 0.206088654277238
      },
      "2": {
        "top1": 2.8310073034926546,
        "top3": 0.3940993564249027,
        "top5": 0.206088654277238
      },
      "3": {
        "top1": 3.4348109046207185,
        "top3": 0.5242606117578958,
        "top5": 0.2711692819437417
      },
      "4": {
        "top1": 4.823197628172679,
        "top3": 0.8641261117940502,
        "top5": 0.46279557451731534
      },
      "5": {
        "top1": 4.823197628172679,
        "top3": 0.8641261117940502,
        "top5": 0.46279557451731534
      }
    },
    "elastic": {
      "1": {
        "top1": 2.9033191120109905,
        "top3": 0.408561718128567,
        "top5": 0.22055101598091653
      },
      "2": {
        "top1": 3.199797526936152,
        "top3": 0.46279557451731534,
        "top5": 0.2494757393882452
      },
      "3": {
        "top1": 3.9663026972304607,
        "top3": 0.65080627666498,
        "top5": 0.3073251862029025
      },
      "4": {
        "top1": 6.157350495335891,
        "top3": 1.2003760214042956,
        "top5": 0.611034781979896
      },
      "5": {
        "top1": 14.690143900498953,
        "top3": 4.3676332345071955,
        "top5": 2.5743003832525915
      }
    },
    "pixelate": {
      "1": {
        "top1": 3.2214910694916483,
        "top3": 0.5097982500542315,
        "top5": 0.2675536915178185
      },
      "2": {
        "top1": 4.378480005784951,
        "top3": 0.9617470532938057,
        "top5": 0.5351073830356512
      },
      "3": {
        "top1": 5.452310362282162,
        "top3": 1.54024152144045,
        "top5": 1.019596500108463
      },
      "4": {
        "top1": 44.37052570684793,
        "top3": 28.519777279629764,
        "top5": 22.575746619422958
      },
      "5": {
        "top1": 92.02039193000218,
        "top3": 85.64610600911129,
        "top5": 80.52642996601345
      }
    },
    "contrast": {
      "1": {
        "top1": 2.7333863619929133,
        "top3": 0.3470966808879865,
        "top5": 0.20247306385132902
      },
      "2": {
        "top1": 2.769542266252074,
        "top3": 0.38325258514716154,
        "top5": 0.20247306385132902
      },
      "3": {
        "top1": 2.9394750162701513,
        "top3": 0.44110203196181885,
        "top5": 0.21331983512907016
      },
      "4": {
        "top1": 5.756019958059156,
        "top3": 0.9870561862752254,
        "top5": 0.46641116494323853
      },
      "5": {
        "top1": 99.37450285631644,
        "top3": 97.9897317231904,
        "top5": 96.37717839323162
      }
    },
    "scale": {
      "1": {
        "top1": 2.8165449417889903,
        "top3": 0.40494612770265803,
        "top5": 0.22055101598091653
      },
      "2": {
        "top1": 2.7840046279557384,
        "top3": 0.3724058138694062,
        "top5": 0.206088654277238
      },
      "3": {
        "top1": 4.114541904693041,
        "top3": 0.7845831224238964,
        "top5": 0.3904837659989937
      },
      "4": {
        "top1": 97.69325330826524,
        "top3": 93.90411454190469,
        "top5": 91.72391351507702
      },
      "5": {
        "top1": 99.37450285631644,
        "top3": 98.1235085689493,
        "top5": 96.86166751030443
      }
    }
  },
  "mce": {
    "top1": 1.0,
    "top3": 1.0,
    "top5": 1.0,
    "avg": 1.0
  }
}