{
  "model": "efficientnet_b0",
  "ratio": 0.7,
  "version": "A",
  "clean": {
    "top1": 97.75725593667546,
    "top3": 99.75813544415128,
    "top5": 99.89372618000586
  },
  "corrupted": {
    "gaussian_noise": {
      "1": {
        "top1": 2.4223101729698016,
        "top3": 0.2858399296394083,
        "top5": 0.14291996481969704
      },
      "2": {
        "top1": 3.6169744942831983,
        "top3": 0.52403987100557,
        "top5": 0.2528583992964002
      },
      "3": {
        "top1": 10.554089709762536,
        "top3": 1.766344180592199,
        "top5": 0.8501905599530915
      },
      "4": {
        "top1": 27.327030196423337,
        "top3": 8.406625622984464,
        "top5": 4.606420404573441
      },
      "5": {
        "top1": 65.46467311638816,
        "top3": 44.16959835825271,
        "top5": 33.79141014365288
      }
    },
    "shot_noise": {
      "1": {
        "top1": 8.615508648490177,
        "top3": 1.3485781295807726,
        "top5": 0.5973321606567055
      },
      "2": {
        "top1": 15.570946936382299,
        "top3": 3.3970976253298204,
        "top5": 1.5794488419818293
      },
      "3": {
        "top1": 28.217531515684556,
        "top3": 9.70756376429199,
        "top5": 5.148783347991795
      },
      "4": {
        "top1": 44.23922603342128,
        "top3": 21.991351509821172,
        "top5": 14.171064204045734
      },
      "5": {
        "top1": 62.78950454412196,
        "top3": 40.988712987393725,
        "top5": 31.108912342421576
      }
    },
    "impulse_noise": {
      "1": {
        "top1": 40.61492231017297,
        "top3": 22.852535913221928,
        "top5": 16.36250366461448
      },
      "2": {
        "top1": 80.98798006449721,
        "top3": 65.53063617707417,
        "top5": 57.18264438581061
      },
      "3": {
        "top1": 95.84432717678101,
        "top3": 90.03957783641161,
        "top5": 86.18073878627968
      },
      "4": {
        "top1": 98.16769275872178,
        "top3": 95.13339196716505,
        "top5": 92.47654646731164
      },
      "5": {
        "top1": 99.23776018762827,
        "top3": 97.6693051890941,
        "top5": 96.14849017883319
      }
    },
    "gaussian_blur": {
      "1": {
        "top1": 2.5249193784813855,
        "top3": 0.31149223101729717,
        "top5": 0.14291996481969704
      },
      "2": {
        "top1": 3.14423922603342,
        "top3": 0.46907065376721846,
        "top5": 0.19788918205804862
      },
      "3": {
        "top1": 14.651128701260632,
        "top3": 6.552330694810905,
        "top5": 4.760334212840803
      },
      "4": {
        "top1": 88.89988273233655,
        "top3": 78.1295807681032,
        "top5": 70.78202873057754
      },
      "5": {
        "top1": 98.88595719730284,
        "top3": 97.46408677807095,
        "top5": 96.0128994429786
      }
    },
    "defocus_blur": {
      "1": {
        "top1": 2.7704485488126664,
        "top3": 0.3554676048079699,
        "top5": 0.17223688068014553
      },
      "2": {
        "top1": 4.826297273526819,
        "top3": 1.066402814423924,
        "top5": 0.575344473761362
      },
      "3": {
        "top1": 50.16124303723248,
        "top3": 34.14321313397831,
        "top5": 28.129580768103196
      },
      "4": {
        "top1": 98.11272354148343,
        "top3": 94.74127821753152,
        "top5": 89.9479624743477
      },
      "5": {
        "top1": 99.091175608326,
        "top3": 97.62532981530343,
        "top5": 96.30973321606567
      }
    },
    "stroke_thinning": {
      "1": {
        "top1": 2.242744063324537,
        "top3": 0.24552917033128097,
        "top5": 0.10627381999414354
      },
      "2": {
        "top1": 2.2793902081501045,
        "top3": 0.2601876282615052,
        "top5": 0.11726766344180817
      },
      "3": {
        "top1": 3.026971562591612,
        "top3": 0.40677220756376187,
        "top5": 0.194224567575489
      },
      "4": {
        "top1": 4.881266490765171,
        "top3": 0.7255936675461783,
        "top5": 0.30416300205217794
      },
      "5": {
        "top1": 4.881266490765171,
        "top3": 0.7255936675461783,
        "top5": 0.30416300205217794
      }
    },
    "elastic": {
      "1": {
        "top1": 2.4479624743477046,
        "top3": 0.2968337730870729,
        "top5": 0.1319261213720324
      },
      "2": {
        "top1": 2.741131632952218,
        "top3": 0.2968337730870729,
        "top5": 0.1282615068894728
      },
      "3": {
        "top1": 3.6682790970389902,
        "top3": 0.4507475813544346,
        "top5": 0.19788918205804862
      },
      "4": {
        "top1": 5.632512459689238,
        "top3": 0.9674582233948996,
        "top5": 0.4544121958369942
      },
      "5": {
        "top1": 13.962181178540021,
        "top3": 3.75622984462035,
        "top5": 2.0521841102316074
      }
    },
    "pixelate": {
      "1": {
        "top1": 2.678833186748747,
        "top3": 0.3481383758428649,
        "top5": 0.13925535033713743
      },
      "2": {
        "top1": 3.7489006156552307,
        "top3": 0.6559659923776024,
        "top5": 0.2858399296394083
      },
      "3": {
        "top1": 4.555115801817649,
        "top3": 1.0297566695983562,
        "top5": 0.5130460275579054
      },
      "4": {
        "top1": 38.71298739372618,
        "top3": 20.829668718850783,
        "top5": 14.962620932277929
      },
      "5": {
        "top1": 90.31442392260334,
        "top3": 83.26370565816475,
        "top5": 78.03430079155673
      }
    },
    "contrast": {
      "1": {
        "top1": 2.2940486660803288,
        "top3": 0.2565230137789456,
        "top5": 0.11360304895924855
      },
      "2": {
        "top1": 2.3050425095279934,
        "top3": 0.27118147170916984,
        "top5": 0.12093227792436778
      },
      "3": {
        "top1": 2.400322486074458,
        "top3": 0.2931691586045133,
        "top5": 0.1319261213720324
      },
      "4": {
        "top1": 2.807094693638234,
        "top3": 0.3481383758428649,
        "top5": 0.17590149516270515
      },
      "5": {
        "top1": 6.3141307534447435,
        "top3": 1.0407505130460208,
        "top5": 0.4837291116974427
      }
    },
    "scale": {
      "1": {
        "top1": 2.4223101729698016,
        "top3": 0.30416300205217794,
        "top5": 0.14658457930225666
      },
      "2": {
        "top1": 2.242744063324537,
        "top3": 0.24186455584872135,
        "top5": 0.10627381999414354
      },
      "3": {
        "top1": 2.825417766051018,
        "top3": 0.36646144825564875,
        "top5": 0.17956610964526476
      },
      "4": {
        "top1": 6.73556141893873,
        "top3": 1.6380826737027263,
        "top5": 0.8538551744356511
      },
      "5": {
        "top1": 97.661975960129,
        "top3": 93.82512459689241,
        "top5": 88.72031662269129
      }
    }
  },
  "mce": {
    "top1": 0.9846795957944359,
    "top3": 0.9488733147204991,
    "top5": 0.9153319728672074,
    "avg": 0.9496282944607142
  }
}