{
  "model": "mnasnet0_5",
  "ratio": 0.7,
  "version": "A",
  "clean": {
    "top1": 96.90706537672237,
    "top3": 99.5199355027851,
    "top5": 99.81676927587218
  },
  "corrupted": {
    "gaussian_noise": {
      "1": {
        "top1": 98.65142187041923,
        "top3": 97.42744063324538,
        "top5": 96.10817941952507
      },
      "2": {
        "top1": 99.36968630900029,
        "top3": 98.11272354148343,
        "top5": 96.96203459396071
      },
      "3": {
        "top1": 99.35869246555262,
        "top3": 97.99545587804162,
        "top5": 96.67253004983876
      },
      "4": {
        "top1": 99.35869246555262,
        "top3": 98.06874816769276,
        "top5": 96.78246848431544
      },
      "5": {
        "top1": 99.35869246555262,
        "top3": 98.09806508355321,
        "top5": 96.80079155672823
      }
    },
    "shot_noise": {
      "1": {
        "top1": 99.02887716212254,
        "top3": 97.88185282908238,
        "top5": 96.3830255057168
      },
      "2": {
        "top1": 99.3440340076224,
        "top3": 97.87452360011727,
        "top5": 96.6102316036353
      },
      "3": {
        "top1": 99.40633245382585,
        "top3": 98.0577543242451,
        "top5": 96.77147464086778
      },
      "4": {
        "top1": 99.36968630900029,
        "top3": 97.93315743183817,
        "top5": 96.54060392846672
      },
      "5": {
        "top1": 99.35869246555262,
        "top3": 98.19700967458223,
        "top5": 96.87774846086192
      }
    },
    "impulse_noise": {
      "1": {
        "top1": 67.20536499560247,
        "top3": 47.559366754617415,
        "top5": 38.03503371445324
      },
      "2": {
        "top1": 90.4939900322486,
        "top3": 79.80064497214893,
        "top5": 72.08296687188508
      },
      "3": {
        "top1": 96.24377015537965,
        "top3": 90.89709762532982,
        "top5": 86.46657871591908
      },
      "4": {
        "top1": 97.39079448841981,
        "top3": 93.53562005277045,
        "top5": 90.226473175022
      },
      "5": {
        "top1": 98.2080035180299,
        "top3": 95.21034887129873,
        "top5": 92.89797713280564
      }
    },
    "gaussian_blur": {
      "1": {
        "top1": 7.354881266490764,
        "top3": 1.506156552330694,
        "top5": 0.7512459689240671
      },
      "2": {
        "top1": 17.443564936968627,
        "top3": 5.434623277631189,
        "top5": 3.0819407798299636
      },
      "3": {
        "top1": 58.98929932571094,
        "top3": 38.89988273233656,
        "top5": 29.63573732043389
      },
      "4": {
        "top1": 93.19847552037525,
        "top3": 83.97097625329815,
        "top5": 78.16989152741132
      },
      "5": {
        "top1": 98.92626795661097,
        "top3": 97.0389914980944,
        "top5": 95.06009967751393
      }
    },
    "defocus_blur": {
      "1": {
        "top1": 12.393726180005856,
        "top3": 3.1185869246555313,
        "top5": 1.630753444737607
      },
      "2": {
        "top1": 31.343447669305192,
        "top3": 13.445470536499556,
        "top5": 8.66681325124597
      },
      "3": {
        "top1": 80.8377308707124,
        "top3": 65.5526238639695,
        "top5": 57.29258282028731
      },
      "4": {
        "top1": 97.4347698622105,
        "top3": 92.87965406039285,
        "top5": 87.93608912342421
      },
      "5": {
        "top1": 99.24875403107593,
        "top3": 97.0060099677514,
        "top5": 95.9029610085019
      }
    },
    "stroke_thinning": {
      "1": {
        "top1": 3.0562884784520605,
        "top3": 0.49838756962768116,
        "top5": 0.194224567575489
      },
      "2": {
        "top1": 3.0819407798299636,
        "top3": 0.49105834066256193,
        "top5": 0.20155379654060823
      },
      "3": {
        "top1": 3.968777484608623,
        "top3": 0.7219290530636187,
        "top5": 0.31149223101729717
      },
      "4": {
        "top1": 9.304456171210788,
        "top3": 1.8139841688654315,
        "top5": 0.8758428613309945
      },
      "5": {
        "top1": 9.304456171210788,
        "top3": 1.8139841688654315,
        "top5": 0.8758428613309945
      }
    },
    "elastic": {
      "1": {
        "top1": 3.807534447376142,
        "top3": 0.6706244503078267,
        "top5": 0.27851070067428907
      },
      "2": {
        "top1": 4.1483435942538875,
        "top3": 0.7475813544415075,
        "top5": 0.31149223101729717
      },
      "3": {
        "top1": 5.148783347991795,
        "top3": 0.8758428613309945,
        "top5": 0.37379067722075376
      },
      "4": {
        "top1": 7.058047493403691,
        "top3": 1.4255350337144534,
        "top5": 0.6559659923776024
      },
      "5": {
        "top1": 15.55628847845206,
        "top3": 4.591761946643217,
        "top5": 2.495602462620937
      }
    },
    "pixelate": {
      "1": {
        "top1": 4.390208150102609,
        "top3": 0.6999413661682752,
        "top5": 0.2931691586045133
      },
      "2": {
        "top1": 8.571533274699505,
        "top3": 2.0741717971269367,
        "top5": 1.125036646144821
      },
      "3": {
        "top1": 11.89900322486075,
        "top3": 3.6682790970389902,
        "top5": 2.154793315743177
      },
      "4": {
        "top1": 60.9352096159484,
        "top3": 42.52785107006743,
        "top5": 34.47669305189095
      },
      "5": {
        "top1": 91.44678979771328,
        "top3": 84.5133391967165,
        "top5": 79.5844327176781
      }
    },
    "contrast": {
      "1": {
        "top1": 3.195543828789212,
        "top3": 0.5093814130753458,
        "top5": 0.19788918205804862
      },
      "2": {
        "top1": 3.6902667839343337,
        "top3": 0.6229844620345943,
        "top5": 0.27851070067428907
      },
      "3": {
        "top1": 4.349897390794482,
        "top3": 0.8245382585752026,
        "top5": 0.34080914687774566
      },
      "4": {
        "top1": 6.797859865142186,
        "top3": 1.5024919378481343,
        "top5": 0.7036059806508348
      },
      "5": {
        "top1": 38.614042802697156,
        "top3": 16.41014365288771,
        "top5": 9.762532981530342
      }
    },
    "scale": {
      "1": {
        "top1": 5.478598651421876,
        "top3": 1.0700674289064835,
        "top5": 0.4470829668718892
      },
      "2": {
        "top1": 3.0929346232776282,
        "top3": 0.4800644972148973,
        "top5": 0.18323072412782437
      },
      "3": {
        "top1": 12.155526238639695,
        "top3": 2.9390208150102666,
        "top5": 1.5464673116388212
      },
      "4": {
        "top1": 42.29698035766637,
        "top3": 21.423336265024915,
        "top5": 14.460568748167688
      },
      "5": {
        "top1": 97.55936675461741,
        "top3": 94.05965992377602,
        "top5": 89.81237173849311
      }
    }
  },
  "mce": {
    "top1": 4.086757450373888,
    "top3": 17.631278260109198,
    "top5": 34.23133446694581,
    "avg": 18.649790059142966
  }
}