{
  "model": "swin_t",
  "seed": 42,
  "protocol": "writer_independent",
  "version": "A",
  "clean": {
    "top1": 96.55914776734346,
    "top3": 99.62510671467281,
    "top5": 99.83296833822055
  },
  "corrupted": {
    "gaussian_noise": {
      "1": {
        "top1": 3.4445640473627606,
        "top3": 0.37118147062098217,
        "top5": 0.16331984707323954
      },
      "2": {
        "top1": 3.4519876767751754,
        "top3": 0.37118147062098217,
        "top5": 0.16331984707323954
      },
      "3": {
        "top1": 3.4445640473627606,
        "top3": 0.3748932853271896,
        "top5": 0.16331984707323954
      },
      "4": {
        "top1": 3.463123120893812,
        "top3": 0.36375784120856736,
        "top5": 0.16703166177944695
      },
      "5": {
        "top1": 6.362050406443714,
        "top3": 0.7757692735978594,
        "top5": 0.3266396941464649
      }
    },
    "shot_noise": {
      "1": {
        "top1": 3.45941130618759,
        "top3": 0.3748932853271896,
        "top5": 0.16703166177944695
      },
      "2": {
        "top1": 3.448275862068968,
        "top3": 0.37118147062098217,
        "top5": 0.17074347648565436
      },
      "3": {
        "top1": 3.5225121561931587,
        "top3": 0.3934523588582408,
        "top5": 0.17816710589806917
      },
      "4": {
        "top1": 7.063583385917369,
        "top3": 0.9799190824394088,
        "top5": 0.46026502357001675
      },
      "5": {
        "top1": 42.04743699194536,
        "top3": 24.33836902861809,
        "top5": 18.477413607512716
      }
    },
    "impulse_noise": {
      "1": {
        "top1": 44.200289521547084,
        "top3": 25.166103708102895,
        "top5": 18.581344419286594
      },
      "2": {
        "top1": 76.08477784788982,
        "top3": 60.56568056122639,
        "top5": 52.43309453992057
      },
      "3": {
        "top1": 96.3512861437957,
        "top3": 91.14732192568947,
        "top5": 87.06803756356483
      },
      "4": {
        "top1": 99.07575813815374,
        "top3": 95.39734976429976,
        "top5": 93.51917152295758
      },
      "5": {
        "top1": 99.35785605582569,
        "top3": 96.6482313202925,
        "top5": 94.92966111131733
      }
    },
    "gaussian_blur": {
      "1": {
        "top1": 3.489105823837278,
        "top3": 0.4305705059203433,
        "top5": 0.21899706766637905
      },
      "2": {
        "top1": 12.761218959949517,
        "top3": 5.942615344641993,
        "top5": 4.509854868044982
      },
      "3": {
        "top1": 82.82172153966074,
        "top3": 75.96971159199732,
        "top5": 71.4078913180654
      },
      "4": {
        "top1": 98.05129727923982,
        "top3": 95.92442745258157,
        "top5": 93.27047993764151
      },
      "5": {
        "top1": 99.30960246464497,
        "top3": 97.81374113804239,
        "top5": 96.40696336438884
      }
    },
    "defocus_blur": {
      "1": {
        "top1": 4.584091162169187,
        "top3": 0.9762072677332014,
        "top5": 0.5716194647563242
      },
      "2": {
        "top1": 46.21580490701904,
        "top3": 34.479046805983444,
        "top5": 29.583163208492635
      },
      "3": {
        "top1": 94.89625477896143,
        "top3": 91.37745443747448,
        "top5": 88.10734568130358
      },
      "4": {
        "top1": 98.99409821461713,
        "top3": 97.23098622916744,
        "top5": 95.26372443487621
      },
      "5": {
        "top1": 99.3244497234698,
        "top3": 97.98448461452804,
        "top5": 96.6482313202925
      }
    },
    "stroke_thinning": {
      "1": {
        "top1": 3.4371404179503315,
        "top3": 0.3748932853271896,
        "top5": 0.16703166177944695
      },
      "2": {
        "top1": 3.4185813444192803,
        "top3": 0.3897405441520334,
        "top5": 0.17074347648565436
      },
      "3": {
        "top1": 4.038454400356329,
        "top3": 0.5085186147507557,
        "top5": 0.22642069707880808
      },
      "4": {
        "top1": 6.250695965257421,
        "top3": 0.9093946030214113,
        "top5": 0.486247726513497
      },
      "5": {
        "top1": 6.250695965257421,
        "top3": 0.9093946030214113,
        "top5": 0.486247726513497
      }
    },
    "elastic": {
      "1": {
        "top1": 3.507664897368329,
        "top3": 0.4379941353327581,
        "top5": 0.16703166177944695
      },
      "2": {
        "top1": 3.8899818121079335,
        "top3": 0.5233658735755853,
        "top5": 0.21899706766637905
      },
      "3": {
        "top1": 4.89959541219703,
        "top3": 0.6458557588805149,
        "top5": 0.293233361790584
      },
      "4": {
        "top1": 7.7576927359786225,
        "top3": 1.21005159422441,
        "top5": 0.5196540588693779
      },
      "5": {
        "top1": 18.213874763371805,
        "top3": 5.2485059945807535,
        "top5": 2.6539475149400573
      }
    },
    "pixelate": {
      "1": {
        "top1": 3.8974054415203625,
        "top3": 0.46397683827623837,
        "top5": 0.20414980884154943
      },
      "2": {
        "top1": 4.558108459225721,
        "top3": 0.7312274971233421,
        "top5": 0.3303515088526723
      },
      "3": {
        "top1": 4.2091978768419835,
        "top3": 0.8982591589027891,
        "top5": 0.45284139415760194
      },
      "4": {
        "top1": 19.331130989940988,
        "top3": 8.128874206599605,
        "top5": 5.489773950484391
      },
      "5": {
        "top1": 75.24961953899262,
        "top3": 59.971790208232804,
        "top5": 51.950558628113285
      }
    },
    "contrast": {
      "1": {
        "top1": 3.515088526780744,
        "top3": 0.3934523588582408,
        "top5": 0.17074347648565436
      },
      "2": {
        "top1": 3.659849300322932,
        "top3": 0.40829961768308465,
        "top5": 0.17445529119186176
      },
      "3": {
        "top1": 6.996770721205593,
        "top3": 1.3139824059982885,
        "top5": 0.6607030177053588
      },
      "4": {
        "top1": 98.52640956163468,
        "top3": 96.51831780557515,
        "top5": 94.61415686128949
      },
      "5": {
        "top1": 99.3615678705319,
        "top3": 98.08841542630192,
        "top5": 96.81526298207193
      }
    },
    "scale": {
      "1": {
        "top1": 3.4297167885379167,
        "top3": 0.40458780297687724,
        "top5": 0.1855907353104982
      },
      "2": {
        "top1": 3.440852232656539,
        "top3": 0.3748932853271896,
        "top5": 0.16703166177944695
      },
      "3": {
        "top1": 5.088897962213721,
        "top3": 1.2879997030548225,
        "top5": 0.7683456441854446
      },
      "4": {
        "top1": 49.760587951449466,
        "top3": 36.468579488511935,
        "top5": 31.04561820273932
      },
      "5": {
        "top1": 98.89387921754945,
        "top3": 96.95631194090791,
        "top5": 94.71066404365094
      }
    }
  },
  "mce": {
    "top1": 1.381147609775995,
    "top3": 3.00522963315439,
    "top5": 5.14446557135877,
    "avg": 3.176947604763052
  }
}