{
  "model": "regnet_x_400mf",
  "ratio": 0.7,
  "version": "A",
  "clean": {
    "top1": 97.50439753737906,
    "top3": 99.63353855174435,
    "top5": 99.80944004690707
  },
  "corrupted": {
    "gaussian_noise": {
      "1": {
        "top1": 2.8987100557021392,
        "top3": 0.4763998827323377,
        "top5": 0.2198768689533921
      },
      "2": {
        "top1": 17.05145118733509,
        "top3": 5.5518909410729975,
        "top5": 3.2578422749926688
      },
      "3": {
        "top1": 48.02110817941953,
        "top3": 28.66461448255643,
        "top5": 22.29551451187335
      },
      "4": {
        "top1": 70.65743183817062,
        "top3": 53.03063617707417,
        "top5": 44.64233362650249
      },
      "5": {
        "top1": 89.15274113163295,
        "top3": 81.25549692172383,
        "top5": 75.80621518616242
      }
    },
    "shot_noise": {
      "1": {
        "top1": 49.541923189680446,
        "top3": 30.361330987980068,
        "top5": 23.878627968337724
      },
      "2": {
        "top1": 63.489445910290236,
        "top3": 44.59835825271181,
        "top5": 36.87335092348285
      },
      "3": {
        "top1": 75.53136909997068,
        "top3": 60.04470829668719,
        "top5": 52.45529170331281
      },
      "4": {
        "top1": 84.66725300498388,
        "top3": 73.78701260627382,
        "top5": 67.18704192318968
      },
      "5": {
        "top1": 91.78759894459102,
        "top3": 85.3048959249487,
        "top5": 80.69847552037525
      }
    },
    "impulse_noise": {
      "1": {
        "top1": 76.74435649369687,
        "top3": 62.514658457930224,
        "top5": 54.459835825271185
      },
      "2": {
        "top1": 94.29053063617707,
        "top3": 87.42670771034886,
        "top5": 81.05760773966578
      },
      "3": {
        "top1": 97.50439753737906,
        "top3": 94.84022280856054,
        "top5": 92.30797420111404
      },
      "4": {
        "top1": 99.01421870419232,
        "top3": 96.50029316915861,
        "top5": 94.14394605687481
      },
      "5": {
        "top1": 99.32571093520961,
        "top3": 97.53371445323953,
        "top5": 95.44121958369979
      }
    },
    "gaussian_blur": {
      "1": {
        "top1": 3.206537672236877,
        "top3": 0.4727352682497781,
        "top5": 0.2272060979184971
      },
      "2": {
        "top1": 5.335678686602165,
        "top3": 1.125036646144821,
        "top5": 0.6229844620345943
      },
      "3": {
        "top1": 31.00996775139255,
        "top3": 18.60158311345647,
        "top5": 14.860011726766345
      },
      "4": {
        "top1": 91.7656112576957,
        "top3": 86.68645558487248,
        "top5": 83.16109645265318
      },
      "5": {
        "top1": 98.70272647317502,
        "top3": 97.34315450014658,
        "top5": 95.72339489885664
      }
    },
    "defocus_blur": {
      "1": {
        "top1": 3.7269129287599014,
        "top3": 0.5606860158311378,
        "top5": 0.27118147170916984
      },
      "2": {
        "top1": 9.850483729111701,
        "top3": 3.789211374963358,
        "top5": 2.587217824684842
      },
      "3": {
        "top1": 70.18103195543829,
        "top3": 58.98929932571094,
        "top5": 53.55101143359718
      },
      "4": {
        "top1": 96.63954851949575,
        "top3": 94.1366168279097,
        "top5": 91.96716505423629
      },
      "5": {
        "top1": 99.10583406625624,
        "top3": 97.86352975666959,
        "top5": 96.33172090296101
      }
    },
    "stroke_thinning": {
      "1": {
        "top1": 2.495602462620937,
        "top3": 0.37379067722075376,
        "top5": 0.194224567575489
      },
      "2": {
        "top1": 2.5432424508941693,
        "top3": 0.381119906185873,
        "top5": 0.19788918205804862
      },
      "3": {
        "top1": 3.5913221929053094,
        "top3": 0.6009967751392509,
        "top5": 0.2858399296394083
      },
      "4": {
        "top1": 4.5954265611257625,
        "top3": 0.7475813544415075,
        "top5": 0.40677220756376187
      },
      "5": {
        "top1": 4.5954265611257625,
        "top3": 0.7475813544415075,
        "top5": 0.40677220756376187
      }
    },
    "elastic": {
      "1": {
        "top1": 2.9646731163881554,
        "top3": 0.4507475813544346,
        "top5": 0.20888302550571325
      },
      "2": {
        "top1": 3.2358545880973253,
        "top3": 0.5057167985927862,
        "top5": 0.2198768689533921
      },
      "3": {
        "top1": 4.379214306654944,
        "top3": 0.7145998240984994,
        "top5": 0.3261506889475214
      },
      "4": {
        "top1": 7.109352096159483,
        "top3": 1.3485781295807726,
        "top5": 0.6706244503078267
      },
      "5": {
        "top1": 17.033128114922306,
        "top3": 5.266051011433603,
        "top5": 3.0416300205218363
      }
    },
    "pixelate": {
      "1": {
        "top1": 3.1332453825857556,
        "top3": 0.49472295514512155,
        "top5": 0.2638522427440648
      },
      "2": {
        "top1": 5.310026385224276,
        "top3": 1.1983289357959563,
        "top5": 0.6706244503078267
      },
      "3": {
        "top1": 9.179859278803875,
        "top3": 2.759454705365002,
        "top5": 1.57211961301671
      },
      "4": {
        "top1": 54.89226033421284,
        "top3": 38.357519788918204,
        "top5": 31.684256816182938
      },
      "5": {
        "top1": 91.27088830255057,
        "top3": 83.5971855760774,
        "top5": 79.2656112576957
      }
    },
    "contrast": {
      "1": {
        "top1": 2.444297859865145,
        "top3": 0.36279683377308913,
        "top5": 0.1905599530929294
      },
      "2": {
        "top1": 2.5835532102022825,
        "top3": 0.4141014365288811,
        "top5": 0.17590149516270515
      },
      "3": {
        "top1": 3.001319261213723,
        "top3": 0.5093814130753458,
        "top5": 0.20888302550571325
      },
      "4": {
        "top1": 6.339783054822632,
        "top3": 1.3155965992377645,
        "top5": 0.6742890647903863
      },
      "5": {
        "top1": 70.97258868367048,
        "top3": 49.6042216358839,
        "top5": 39.28466725300498
      }
    },
    "scale": {
      "1": {
        "top1": 3.070946936382299,
        "top3": 0.4727352682497781,
        "top5": 0.2272060979184971
      },
      "2": {
        "top1": 2.495602462620937,
        "top3": 0.36646144825564875,
        "top5": 0.1905599530929294
      },
      "3": {
        "top1": 3.9357959542656147,
        "top3": 0.6229844620345943,
        "top5": 0.3151568454998568
      },
      "4": {
        "top1": 13.99516270888303,
        "top3": 5.85238932864263,
        "top5": 4.210642040457344
      },
      "5": {
        "top1": 96.21078862503664,
        "top3": 93.44034007622398,
        "top5": 91.05101143359718
      }
    }
  },
  "mce": {
    "top1": 2.01786655934447,
    "top3": 4.872163170284162,
    "top5": 7.235902028445253,
    "avg": 4.708643919357962
  }
}