{
  "model": "mnasnet0_5",
  "seed": 123,
  "protocol": "writer_independent",
  "version": "A",
  "clean": {
    "top1": 96.33120540743522,
    "top3": 99.35411190386782,
    "top5": 99.69958693203154
  },
  "corrupted": {
    "gaussian_noise": {
      "1": {
        "top1": 97.77694329703343,
        "top3": 94.42358242583552,
        "top5": 92.19301539616973
      },
      "2": {
        "top1": 99.1400675929403,
        "top3": 97.78069846038302,
        "top5": 96.7780698460383
      },
      "3": {
        "top1": 99.36913255726624,
        "top3": 98.08862185505069,
        "top5": 96.72925272249343
      },
      "4": {
        "top1": 99.36913255726624,
        "top3": 98.05107022155464,
        "top5": 96.68794592564777
      },
      "5": {
        "top1": 99.36913255726624,
        "top3": 98.0848666917011,
        "top5": 96.83064213293278
      }
    },
    "shot_noise": {
      "1": {
        "top1": 99.38415321066466,
        "top3": 98.14870446864438,
        "top5": 96.85317311303042
      },
      "2": {
        "top1": 99.36913255726624,
        "top3": 97.81449493052948,
        "top5": 96.47765677806984
      },
      "3": {
        "top1": 99.36913255726624,
        "top3": 98.0923770184003,
        "top5": 96.78558017273751
      },
      "4": {
        "top1": 99.36913255726624,
        "top3": 98.12241832519715,
        "top5": 96.99211415696583
      },
      "5": {
        "top1": 99.36913255726624,
        "top3": 98.1637251220428,
        "top5": 96.86819376642885
      }
    },
    "impulse_noise": {
      "1": {
        "top1": 67.33383402177995,
        "top3": 48.490424333458506,
        "top5": 38.76830642132933
      },
      "2": {
        "top1": 90.3867818250094,
        "top3": 81.41194141945175,
        "top5": 73.59744648892227
      },
      "3": {
        "top1": 96.98835899361622,
        "top3": 92.47840781073977,
        "top5": 87.42020277882088
      },
      "4": {
        "top1": 98.39279008636876,
        "top3": 94.87420202778821,
        "top5": 91.1190386781825
      },
      "5": {
        "top1": 98.7532857679309,
        "top3": 96.03454750281637,
        "top5": 93.30454374765303
      }
    },
    "gaussian_blur": {
      "1": {
        "top1": 7.615471273000381,
        "top3": 1.2542245587682999,
        "top5": 0.5895606458880991
      },
      "2": {
        "top1": 19.470521967705594,
        "top3": 6.518963574915503,
        "top5": 3.544874202027785
      },
      "3": {
        "top1": 74.72024033045437,
        "top3": 56.759294029290274,
        "top5": 48.54299662035299
      },
      "4": {
        "top1": 97.66053323319565,
        "top3": 92.86894479909876,
        "top5": 89.09876079609464
      },
      "5": {
        "top1": 99.32031543372136,
        "top3": 97.28501689823507,
        "top5": 95.0018775816748
      }
    },
    "defocus_blur": {
      "1": {
        "top1": 11.288021028914756,
        "top3": 2.189260232820132,
        "top5": 1.051445737889594
      },
      "2": {
        "top1": 43.70259106271123,
        "top3": 22.553511077731883,
        "top5": 15.685317311303038
      },
      "3": {
        "top1": 91.47577919639504,
        "top3": 81.54337213668795,
        "top5": 74.95681562147954
      },
      "4": {
        "top1": 98.82838903492302,
        "top3": 96.00450619601952,
        "top5": 92.96657904618851
      },
      "5": {
        "top1": 99.36537739391663,
        "top3": 97.46150957566654,
        "top5": 96.1246714232069
      }
    },
    "stroke_thinning": {
      "1": {
        "top1": 3.6838152459632028,
        "top3": 0.6458880961321825,
        "top5": 0.30041306796846357
      },
      "2": {
        "top1": 3.672549755914389,
        "top3": 0.6458880961321825,
        "top5": 0.3041682313180587
      },
      "3": {
        "top1": 4.543747653022905,
        "top3": 0.8148704468644326,
        "top5": 0.4130679684566303
      },
      "4": {
        "top1": 9.17386406308674,
        "top3": 1.7611716109650786,
        "top5": 0.8937288772061578
      },
      "5": {
        "top1": 9.17386406308674,
        "top3": 1.7611716109650786,
        "top5": 0.8937288772061578
      }
    },
    "elastic": {
      "1": {
        "top1": 4.524971836274872,
        "top3": 0.6271122793841499,
        "top5": 0.34171986481412375
      },
      "2": {
        "top1": 4.9493052947803164,
        "top3": 0.7322568531731122,
        "top5": 0.3905369883589884
      },
      "3": {
        "top1": 5.647765677806987,
        "top3": 0.8862185505069533,
        "top5": 0.4543747653022905
      },
      "4": {
        "top1": 7.540368006008265,
        "top3": 1.2730003755163324,
        "top5": 0.6120916259857268
      },
      "5": {
        "top1": 14.772812617348848,
        "top3": 3.8227562898986065,
        "top5": 2.0202778820878677
      }
    },
    "pixelate": {
      "1": {
        "top1": 5.441231693578672,
        "top3": 1.0176492677431526,
        "top5": 0.5294780322944064
      },
      "2": {
        "top1": 11.032669921141576,
        "top3": 2.9365377393916674,
        "top5": 1.577168606834391
      },
      "3": {
        "top1": 14.051821254224564,
        "top3": 4.5362373263237,
        "top5": 2.6699211415696595
      },
      "4": {
        "top1": 63.687570409312805,
        "top3": 45.85054449868569,
        "top5": 37.82200525722869
      },
      "5": {
        "top1": 91.49455501314307,
        "top3": 84.32594817874578,
        "top5": 79.30153961697334
      }
    },
    "contrast": {
      "1": {
        "top1": 3.6913255726624072,
        "top3": 0.6271122793841499,
        "top5": 0.2891475779196355
      },
      "2": {
        "top1": 4.070597070972582,
        "top3": 0.6759294029290288,
        "top5": 0.36049568156214207
      },
      "3": {
        "top1": 4.938039804731503,
        "top3": 0.8749530604581253,
        "top5": 0.46188509200149497
      },
      "4": {
        "top1": 11.903867818250092,
        "top3": 2.688696958317692,
        "top5": 1.318062335711602
      },
      "5": {
        "top1": 66.77055951933909,
        "top3": 43.7476530229065,
        "top5": 34.01802478407811
      }
    },
    "scale": {
      "1": {
        "top1": 6.241081487044681,
        "top3": 0.9650769808486643,
        "top5": 0.5069470521967645
      },
      "2": {
        "top1": 3.6687945925647796,
        "top3": 0.6458880961321825,
        "top5": 0.30041306796846357
      },
      "3": {
        "top1": 10.844911753661279,
        "top3": 2.110401802478407,
        "top5": 1.0063837776943245
      },
      "4": {
        "top1": 53.33834021779948,
        "top3": 31.982726248591817,
        "top5": 23.74765302290649
      },
      "5": {
        "top1": 98.75704093128051,
        "top3": 95.79797221179122,
        "top5": 92.93278257604206
      }
    }
  },
  "mce": {
    "top1": 3.9568840256861777,
    "top3": 15.874661554001912,
    "top5": 29.966977636563875,
    "avg": 16.599507738750656
  }
}