{
  "model": "shufflenet_v2_x0_5",
  "seed": 42,
  "protocol": "writer_independent",
  "version": "A",
  "clean": {
    "top1": 97.34605248505994,
    "top3": 99.6659366764411,
    "top5": 99.84410378233919
  },
  "corrupted": {
    "gaussian_noise": {
      "1": {
        "top1": 3.270108756170899,
        "top3": 0.46397683827623837,
        "top5": 0.20414980884154943
      },
      "2": {
        "top1": 11.150291377454437,
        "top3": 2.5648639619910227,
        "top5": 1.2657288148175638
      },
      "3": {
        "top1": 56.56063249322594,
        "top3": 34.82424557366096,
        "top5": 26.895809361196683
      },
      "4": {
        "top1": 90.56456701681452,
        "top3": 81.58197542778665,
        "top5": 75.40180394194722
      },
      "5": {
        "top1": 97.47596599977729,
        "top3": 94.19472179948777,
        "top5": 92.023310196355
      }
    },
    "shot_noise": {
      "1": {
        "top1": 52.280910136965964,
        "top3": 31.194090790987715,
        "top5": 23.796444081511453
      },
      "2": {
        "top1": 80.14550313648343,
        "top3": 63.83578931739728,
        "top5": 55.242938272521435
      },
      "3": {
        "top1": 92.14208826695372,
        "top3": 85.1378939163357,
        "top5": 80.10467317471512
      },
      "4": {
        "top1": 96.11001818789207,
        "top3": 91.68182324338369,
        "top5": 88.56761070487362
      },
      "5": {
        "top1": 97.74692847333061,
        "top3": 94.26895809361197,
        "top5": 92.23117181990276
      }
    },
    "impulse_noise": {
      "1": {
        "top1": 55.66979696373557,
        "top3": 37.97928807393935,
        "top5": 30.62989495564382
      },
      "2": {
        "top1": 87.21651015181322,
        "top3": 74.51839204186928,
        "top5": 67.38057236182769
      },
      "3": {
        "top1": 97.73579302921198,
        "top3": 94.34319438773616,
        "top5": 92.72113136112245
      },
      "4": {
        "top1": 98.7231357410638,
        "top3": 96.62224861734902,
        "top5": 95.47158605842397
      },
      "5": {
        "top1": 98.78623659106937,
        "top3": 97.34234067035374,
        "top5": 96.23250807319698
      }
    },
    "gaussian_blur": {
      "1": {
        "top1": 4.231468765079242,
        "top3": 0.5567722059314804,
        "top5": 0.2375561411974303
      },
      "2": {
        "top1": 7.765116365391037,
        "top3": 1.57009762072677,
        "top5": 0.8128874206599619
      },
      "3": {
        "top1": 38.84785271519246,
        "top3": 21.008871237147844,
        "top5": 15.689840763149107
      },
      "4": {
        "top1": 85.46824542518837,
        "top3": 76.00311792435322,
        "top5": 70.79915370624698
      },
      "5": {
        "top1": 97.3683233732972,
        "top3": 94.24668720537471,
        "top5": 92.09754649047919
      }
    },
    "defocus_blur": {
      "1": {
        "top1": 6.258119594669836,
        "top3": 0.9168182324338403,
        "top5": 0.386028729445826
      },
      "2": {
        "top1": 14.179132177721684,
        "top3": 4.5543966445195,
        "top5": 2.8618091384878
      },
      "3": {
        "top1": 68.15262982071935,
        "top3": 53.231134701755686,
        "top5": 45.77409895698007
      },
      "4": {
        "top1": 92.67658958464793,
        "top3": 86.85275231060466,
        "top5": 82.89966964849114
      },
      "5": {
        "top1": 98.69344122341413,
        "top3": 96.4663523996882,
        "top5": 94.52507330834045
      }
    },
    "stroke_thinning": {
      "1": {
        "top1": 2.6316766267027987,
        "top3": 0.3340633235588939,
        "top5": 0.15960803236701793
      },
      "2": {
        "top1": 2.668794773764887,
        "top3": 0.3340633235588939,
        "top5": 0.15960803236701793
      },
      "3": {
        "top1": 3.18102520322185,
        "top3": 0.4417059500389797,
        "top5": 0.18187892060427657
      },
      "4": {
        "top1": 5.382131324004305,
        "top3": 0.7831929030102884,
        "top5": 0.36004602650235995
      },
      "5": {
        "top1": 5.382131324004305,
        "top3": 0.7831929030102884,
        "top5": 0.36004602650235995
      }
    },
    "elastic": {
      "1": {
        "top1": 3.1995842767529012,
        "top3": 0.4417059500389797,
        "top5": 0.18187892060427657
      },
      "2": {
        "top1": 3.6450020414980884,
        "top3": 0.478824097101068,
        "top5": 0.20786162354775684
      },
      "3": {
        "top1": 4.806800044541774,
        "top3": 0.7349393118295495,
        "top5": 0.31550425002784266
      },
      "4": {
        "top1": 7.6314910359674855,
        "top3": 1.443895920715633,
        "top5": 0.6569912029991514
      },
      "5": {
        "top1": 18.15077391336625,
        "top3": 5.500909394603028,
        "top5": 3.0919416502728154
      }
    },
    "pixelate": {
      "1": {
        "top1": 3.4185813444192803,
        "top3": 0.5010949853383266,
        "top5": 0.2338443264912229
      },
      "2": {
        "top1": 5.322742288704944,
        "top3": 1.25088155599272,
        "top5": 0.671838461823981
      },
      "3": {
        "top1": 5.797854571099805,
        "top3": 1.5960803236702361,
        "top5": 1.065290820682236
      },
      "4": {
        "top1": 48.54311272781263,
        "top3": 31.491035967484507,
        "top5": 25.303440852232654
      },
      "5": {
        "top1": 92.09383467577298,
        "top3": 84.71845885453398,
        "top5": 79.68152629820719
      }
    },
    "contrast": {
      "1": {
        "top1": 2.769013770832558,
        "top3": 0.3340633235588939,
        "top5": 0.17445529119186176
      },
      "2": {
        "top1": 3.0511116885045055,
        "top3": 0.41201143238929205,
        "top5": 0.17816710589806917
      },
      "3": {
        "top1": 3.719238335622279,
        "top3": 0.5307895029880143,
        "top5": 0.2524034000222741
      },
      "4": {
        "top1": 7.727998218328935,
        "top3": 1.6072157677888725,
        "top5": 0.8128874206599619
      },
      "5": {
        "top1": 62.77049849671504,
        "top3": 37.94216992687725,
        "top5": 27.315244422998404
      }
    },
    "scale": {
      "1": {
        "top1": 3.6635611150291396,
        "top3": 0.5233658735755853,
        "top5": 0.22270888237258646
      },
      "2": {
        "top1": 2.6539475149400573,
        "top3": 0.3340633235588939,
        "top5": 0.15589621766081052
      },
      "3": {
        "top1": 6.362050406443714,
        "top3": 0.9539363794959286,
        "top5": 0.3934523588582408
      },
      "4": {
        "top1": 24.342080843324297,
        "top3": 9.483686574366203,
        "top5": 6.202442374076682
      },
      "5": {
        "top1": 93.27790356705393,
        "top3": 88.20756467837126,
        "top5": 84.46976726921793
      }
    }
  },
  "mce": {
    "top1": 2.6803325101456945,
    "top3": 7.6352065042696635,
    "top5": 11.620259554875066,
    "avg": 7.311932856430141
  }
}