{
  "model": "vgg16_bn",
  "ratio": 0.7,
  "version": "A",
  "clean": {
    "top1": 96.67985927880387,
    "top3": 99.4283201407212,
    "top5": 99.71782468484315
  },
  "corrupted": {
    "gaussian_noise": {
      "1": {
        "top1": 3.3457930225740284,
        "top3": 0.5680152447962428,
        "top5": 0.27851070067428907
      },
      "2": {
        "top1": 3.5143652887716144,
        "top3": 0.5973321606567055,
        "top5": 0.27118147170916984
      },
      "3": {
        "top1": 4.11169744942832,
        "top3": 0.6816182937554913,
        "top5": 0.3444737613603053
      },
      "4": {
        "top1": 6.002638522427446,
        "top3": 1.1396951040750452,
        "top5": 0.6083260041043701
      },
      "5": {
        "top1": 33.64116094986808,
        "top3": 15.930079155672829,
        "top5": 10.48446203459396
      }
    },
    "shot_noise": {
      "1": {
        "top1": 4.261946643213136,
        "top3": 0.7402521254764025,
        "top5": 0.3481383758428649
      },
      "2": {
        "top1": 5.577543242450901,
        "top3": 1.0920551158018128,
        "top5": 0.5643506303136974
      },
      "3": {
        "top1": 11.781735561418941,
        "top3": 3.254177660510109,
        "top5": 1.7919964819701022
      },
      "4": {
        "top1": 40.44635004397537,
        "top3": 21.100850190559953,
        "top5": 14.779390208150105
      },
      "5": {
        "top1": 87.60627381999413,
        "top3": 77.14379947229551,
        "top5": 69.89885664028144
      }
    },
    "impulse_noise": {
      "1": {
        "top1": 62.91043682204632,
        "top3": 45.81134564643799,
        "top5": 39.017150395778366
      },
      "2": {
        "top1": 90.58927000879507,
        "top3": 81.04294928173556,
        "top5": 75.26385224274406
      },
      "3": {
        "top1": 97.58135444151276,
        "top3": 95.19202579888596,
        "top5": 93.85444151275286
      },
      "4": {
        "top1": 98.36558194077983,
        "top3": 96.66153620639109,
        "top5": 95.47786572852536
      },
      "5": {
        "top1": 98.59645265318089,
        "top3": 97.3248314277338,
        "top5": 96.03488712987394
      }
    },
    "gaussian_blur": {
      "1": {
        "top1": 3.239519202579885,
        "top3": 0.5496921723834589,
        "top5": 0.2528583992964002
      },
      "2": {
        "top1": 19.994136616827916,
        "top3": 9.60128994429786,
        "top5": 7.369539724420989
      },
      "3": {
        "top1": 99.25608326004104,
        "top3": 97.68396364702433,
        "top5": 95.9029610085019
      },
      "4": {
        "top1": 99.35136323658752,
        "top3": 98.00278510700674,
        "top5": 96.4416593374377
      },
      "5": {
        "top1": 99.35869246555262,
        "top3": 98.07607739665787,
        "top5": 96.61389621811786
      }
    },
    "defocus_blur": {
      "1": {
        "top1": 3.594986807387869,
        "top3": 0.6632952213427217,
        "top5": 0.30416300205217794
      },
      "2": {
        "top1": 97.80123131046614,
        "top3": 92.9932571093521,
        "top5": 89.80870712401055
      },
      "3": {
        "top1": 99.32937554969217,
        "top3": 97.94781588976839,
        "top5": 96.30973321606567
      },
      "4": {
        "top1": 99.35869246555262,
        "top3": 98.04676048079742,
        "top5": 96.50395778364116
      },
      "5": {
        "top1": 99.36235708003518,
        "top3": 98.07974201114043,
        "top5": 96.7018469656992
      }
    },
    "stroke_thinning": {
      "1": {
        "top1": 3.3347991791263496,
        "top3": 0.575344473761362,
        "top5": 0.2931691586045133
      },
      "2": {
        "top1": 3.342128408091469,
        "top3": 0.5863383172090266,
        "top5": 0.2968337730870729
      },
      "3": {
        "top1": 3.965112870126063,
        "top3": 0.710935209615954,
        "top5": 0.36279683377308913
      },
      "4": {
        "top1": 5.339343301084725,
        "top3": 1.073732043389029,
        "top5": 0.5350337144532347
      },
      "5": {
        "top1": 5.339343301084725,
        "top3": 1.073732043389029,
        "top5": 0.5350337144532347
      }
    },
    "elastic": {
      "1": {
        "top1": 3.4374083846379335,
        "top3": 0.5716798592788024,
        "top5": 0.2638522427440648
      },
      "2": {
        "top1": 3.7269129287599014,
        "top3": 0.5900029316915862,
        "top5": 0.2895045441219537
      },
      "3": {
        "top1": 4.687041923189682,
        "top3": 0.8098798006449783,
        "top5": 0.40677220756376187
      },
      "4": {
        "top1": 6.841835238932859,
        "top3": 1.3046027557900857,
        "top5": 0.6706244503078267
      },
      "5": {
        "top1": 15.072559366754618,
        "top3": 4.474494283201409,
        "top5": 2.5835532102022825
      }
    },
    "pixelate": {
      "1": {
        "top1": 3.704925241864558,
        "top3": 0.6523013778950428,
        "top5": 0.30416300205217794
      },
      "2": {
        "top1": 4.489152741131633,
        "top3": 0.956464379947235,
        "top5": 0.49838756962768116
      },
      "3": {
        "top1": 4.8922603342128355,
        "top3": 1.40354734681911,
        "top5": 0.828202873057748
      },
      "4": {
        "top1": 33.69613016710642,
        "top3": 19.576370565816475,
        "top5": 14.995602462620937
      },
      "5": {
        "top1": 90.20815010260921,
        "top3": 82.75798885957198,
        "top5": 77.46995016124303
      }
    },
    "contrast": {
      "1": {
        "top1": 3.2871591908531173,
        "top3": 0.5716798592788024,
        "top5": 0.27851070067428907
      },
      "2": {
        "top1": 3.2505130460275637,
        "top3": 0.575344473761362,
        "top5": 0.2895045441219537
      },
      "3": {
        "top1": 3.4044268542949254,
        "top3": 0.6229844620345943,
        "top5": 0.2968337730870729
      },
      "4": {
        "top1": 4.353562005277041,
        "top3": 0.7805628847845156,
        "top5": 0.39577836411609724
      },
      "5": {
        "top1": 97.57036059806508,
        "top3": 93.75916153620639,
        "top5": 90.13485781295807
      }
    },
    "scale": {
      "1": {
        "top1": 3.2505130460275637,
        "top3": 0.5350337144532347,
        "top5": 0.2638522427440648
      },
      "2": {
        "top1": 3.3201407211961254,
        "top3": 0.5716798592788024,
        "top5": 0.2821753151568487
      },
      "3": {
        "top1": 3.899149809440047,
        "top3": 0.7805628847845156,
        "top5": 0.3847845206684326
      },
      "4": {
        "top1": 95.2982996188801,
        "top3": 88.84857812958077,
        "top5": 84.61228378774553
      },
      "5": {
        "top1": 99.32204632072705,
        "top3": 98.07241278217532,
        "top5": 96.36470243330402
      }
    }
  },
  "mce": {
    "top1": 1.0,
    "top3": 1.0,
    "top5": 1.0,
    "avg": 1.0
  }
}