{
  "model": "squeezenet1_0",
  "seed": 1,
  "protocol": "writer_independent",
  "version": "A",
  "clean": {
    "top1": 95.9577699038253,
    "top3": 99.2154168775761,
    "top5": 99.65651890953792
  },
  "corrupted": {
    "gaussian_noise": {
      "1": {
        "top1": 4.053076867452461,
        "top3": 0.7773519415720642,
        "top5": 0.35794345216574186
      },
      "2": {
        "top1": 4.074770410007957,
        "top3": 0.7954298937016375,
        "top5": 0.3543278617398187
      },
      "3": {
        "top1": 4.31701496854437,
        "top3": 0.8352013883867215,
        "top5": 0.35794345216574186
      },
      "4": {
        "top1": 7.8639091763684945,
        "top3": 2.0572709523465136,
        "top5": 1.1027550799045542
      },
      "5": {
        "top1": 63.500614650372405,
        "top3": 43.98365753127486,
        "top5": 35.62441246655578
      }
    },
    "shot_noise": {
      "1": {
        "top1": 4.526719213247517,
        "top3": 0.8388169788126447,
        "top5": 0.36155904259165084
      },
      "2": {
        "top1": 6.74669173476029,
        "top3": 1.702943090606695,
        "top5": 0.9436691011642182
      },
      "3": {
        "top1": 23.494106587605756,
        "top3": 9.805481235085693,
        "top5": 6.041651601706562
      },
      "4": {
        "top1": 64.03933762383397,
        "top3": 44.48622460047726,
        "top5": 36.33306819003543
      },
      "5": {
        "top1": 89.80403499891533,
        "top3": 81.94012582254682,
        "top5": 76.10094728469159
      }
    },
    "impulse_noise": {
      "1": {
        "top1": 81.84973606189891,
        "top3": 68.59859715091474,
        "top5": 60.59006435750958
      },
      "2": {
        "top1": 95.61790440378914,
        "top3": 90.75131969050545,
        "top5": 87.53344421143973
      },
      "3": {
        "top1": 97.96442259020898,
        "top3": 95.86014896232555,
        "top5": 94.68146648347675
      },
      "4": {
        "top1": 98.26090100513414,
        "top3": 96.87251428158218,
        "top5": 95.79145274423314
      },
      "5": {
        "top1": 98.59353532431847,
        "top3": 97.39315930291417,
        "top5": 96.29763540386145
      }
    },
    "gaussian_blur": {
      "1": {
        "top1": 4.421867090895944,
        "top3": 0.9038976064791342,
        "top5": 0.40133053727673484
      },
      "2": {
        "top1": 11.801287150191627,
        "top3": 4.35678646322944,
        "top5": 2.914165883288746
      },
      "3": {
        "top1": 92.65673584496348,
        "top3": 86.55723479644226,
        "top5": 82.89102610456288
      },
      "4": {
        "top1": 99.12864270735412,
        "top3": 97.400390483766,
        "top5": 95.85653337189963
      },
      "5": {
        "top1": 99.36727167546461,
        "top3": 98.07650589341239,
        "top5": 96.73512184539736
      }
    },
    "defocus_blur": {
      "1": {
        "top1": 5.278762021838162,
        "top3": 1.1280642128859597,
        "top5": 0.5929568298503085
      },
      "2": {
        "top1": 46.590498228360694,
        "top3": 32.18237038108323,
        "top5": 27.297707715669972
      },
      "3": {
        "top1": 98.3404439945043,
        "top3": 95.75891243039989,
        "top5": 93.88603658977512
      },
      "4": {
        "top1": 99.30942222864994,
        "top3": 97.88849519126474,
        "top5": 96.35910044110203
      },
      "5": {
        "top1": 99.37450285631644,
        "top3": 98.1235085689493,
        "top5": 96.85082073902669
      }
    },
    "stroke_thinning": {
      "1": {
        "top1": 4.027767734471041,
        "top3": 0.773736351146141,
        "top5": 0.3470966808879865
      },
      "2": {
        "top1": 4.0422300961747055,
        "top3": 0.773736351146141,
        "top5": 0.3470966808879865
      },
      "3": {
        "top1": 5.087135729264588,
        "top3": 0.9906717767011344,
        "top5": 0.4555643936654832
      },
      "4": {
        "top1": 8.04830428809025,
        "top3": 1.5583194735700374,
        "top5": 0.773736351146141
      },
      "5": {
        "top1": 8.04830428809025,
        "top3": 1.5583194735700374,
        "top5": 0.773736351146141
      }
    },
    "elastic": {
      "1": {
        "top1": 4.23024079832237,
        "top3": 0.7990454841275607,
        "top5": 0.3543278617398187
      },
      "2": {
        "top1": 4.5303348036734405,
        "top3": 0.8605105213681412,
        "top5": 0.35794345216574186
      },
      "3": {
        "top1": 5.466772723985827,
        "top3": 1.0665991756453792,
        "top5": 0.5061826596283225
      },
      "4": {
        "top1": 7.8205220912575015,
        "top3": 1.5980909682551214,
        "top5": 0.773736351146141
      },
      "5": {
        "top1": 18.005640321064433,
        "top3": 5.6583990165594,
        "top5": 3.0190180056403193
      }
    },
    "pixelate": {
      "1": {
        "top1": 5.9874177453178135,
        "top3": 1.3703087714223727,
        "top5": 0.6038036011280639
      },
      "2": {
        "top1": 7.994070431701502,
        "top3": 2.19104779810543,
        "top5": 1.0449056330898827
      },
      "3": {
        "top1": 7.8169065008315926,
        "top3": 2.6213030587894934,
        "top5": 1.417311446959289
      },
      "4": {
        "top1": 53.1021765854364,
        "top3": 35.46532648781546,
        "top5": 28.18352737001952
      },
      "5": {
        "top1": 94.21505531853352,
        "top3": 87.70699255188373,
        "top5": 83.29597223226553
      }
    },
    "contrast": {
      "1": {
        "top1": 4.197700484489118,
        "top3": 0.7918143032757285,
        "top5": 0.3290187287584132
      },
      "2": {
        "top1": 4.562875117506692,
        "top3": 0.8243546171089804,
        "top5": 0.368790223443483
      },
      "3": {
        "top1": 5.604165160170652,
        "top3": 1.1352953937377919,
        "top5": 0.5242606117578958
      },
      "4": {
        "top1": 12.896811049244349,
        "top3": 3.2721093354544735,
        "top5": 1.7607925374213664
      },
      "5": {
        "top1": 99.27688191481668,
        "top3": 97.38592812206234,
        "top5": 95.19488032395691
      }
    },
    "scale": {
      "1": {
        "top1": 4.2447031600260345,
        "top3": 0.8641261117940502,
        "top5": 0.365174633017574
      },
      "2": {
        "top1": 4.0422300961747055,
        "top3": 0.7845831224238964,
        "top5": 0.34348109046207753
      },
      "3": {
        "top1": 5.8247161761515684,
        "top3": 1.373924361848296,
        "top5": 0.6724998192204765
      },
      "4": {
        "top1": 50.75565839901656,
        "top3": 35.87388820594403,
        "top5": 30.28056981705113
      },
      "5": {
        "top1": 99.21903246800203,
        "top3": 97.75471834550582,
        "top5": 96.16024296767662
      }
    }
  },
  "mce": {
    "top1": 1.5360459388555106,
    "top3": 2.1268990682902666,
    "top5": 2.1344060986324505,
    "avg": 1.9324503685927426
  }
}