{
  "model": "squeezenet1_0",
  "seed": 42,
  "protocol": "writer_independent",
  "version": "A",
  "clean": {
    "top1": 94.32834712891132,
    "top3": 99.10545265580342,
    "top5": 99.60283582643554
  },
  "corrupted": {
    "gaussian_noise": {
      "1": {
        "top1": 5.682788315207304,
        "top3": 0.8982591589027891,
        "top5": 0.4342823206265507
      },
      "2": {
        "top1": 5.783007312274975,
        "top3": 0.9242418618462551,
        "top5": 0.4305705059203433
      },
      "3": {
        "top1": 7.308563156527228,
        "top3": 1.299135147173459,
        "top5": 0.6384321294681001
      },
      "4": {
        "top1": 16.684607104413345,
        "top3": 5.385843138710513,
        "top5": 3.1179243532162815
      },
      "5": {
        "top1": 67.54389220890093,
        "top3": 46.82454251883746,
        "top5": 37.65636019449909
      }
    },
    "shot_noise": {
      "1": {
        "top1": 8.19568687131138,
        "top3": 1.6072157677888725,
        "top5": 0.7609220147730156
      },
      "2": {
        "top1": 14.349875654207338,
        "top3": 4.26116328272893,
        "top5": 2.4609331502171443
      },
      "3": {
        "top1": 35.0246835677963,
        "top3": 15.689840763149107,
        "top5": 10.931294309788058
      },
      "4": {
        "top1": 67.02052633532534,
        "top3": 46.408819271741955,
        "top5": 37.34085594447125
      },
      "5": {
        "top1": 89.62547789614342,
        "top3": 78.87606250695966,
        "top5": 70.52447941798745
      }
    },
    "impulse_noise": {
      "1": {
        "top1": 65.64344307932149,
        "top3": 44.53435284510597,
        "top5": 34.52730039716417
      },
      "2": {
        "top1": 92.32025537285179,
        "top3": 82.86626331613526,
        "top5": 75.56141197431424
      },
      "3": {
        "top1": 97.58360862625737,
        "top3": 94.84800118778071,
        "top5": 92.91414572584537
      },
      "4": {
        "top1": 98.09212724100813,
        "top3": 96.1285772614231,
        "top5": 95.11896366133402
      },
      "5": {
        "top1": 98.70457666753276,
        "top3": 96.60740135852419,
        "top5": 95.49014513195502
      }
    },
    "gaussian_blur": {
      "1": {
        "top1": 5.74960097991908,
        "top3": 0.9131064177276329,
        "top5": 0.4379941353327581
      },
      "2": {
        "top1": 8.462937530158499,
        "top3": 2.0934634943023696,
        "top5": 1.2063397795182027
      },
      "3": {
        "top1": 38.706803756356486,
        "top3": 23.54404068148918,
        "top5": 18.544226272224492
      },
      "4": {
        "top1": 90.24906276678668,
        "top3": 82.88853420437252,
        "top5": 78.63479455105602
      },
      "5": {
        "top1": 98.63405218811477,
        "top3": 96.14342452024795,
        "top5": 94.47681971715971
      }
    },
    "defocus_blur": {
      "1": {
        "top1": 6.3323558887940266,
        "top3": 1.0875617089194947,
        "top5": 0.5307895029880143
      },
      "2": {
        "top1": 15.30381203370328,
        "top3": 5.768160053450131,
        "top5": 3.8565754797520526
      },
      "3": {
        "top1": 70.16072157677888,
        "top3": 56.152332875542854,
        "top5": 49.990720463234474
      },
      "4": {
        "top1": 96.1991017408411,
        "top3": 92.23859544931517,
        "top5": 89.37307449612115
      },
      "5": {
        "top1": 99.16855350580899,
        "top3": 97.16046174974946,
        "top5": 95.77966667903938
      }
    },
    "stroke_thinning": {
      "1": {
        "top1": 5.664229241676253,
        "top3": 0.8945473441965817,
        "top5": 0.40087598827066984
      },
      "2": {
        "top1": 5.7013473887383554,
        "top3": 0.8945473441965817,
        "top5": 0.40458780297687724
      },
      "3": {
        "top1": 6.4734048476300075,
        "top3": 1.0986971530381169,
        "top5": 0.5159422441631705
      },
      "4": {
        "top1": 9.041980624327238,
        "top3": 1.6517575442633898,
        "top5": 0.864852826546894
      },
      "5": {
        "top1": 9.041980624327238,
        "top3": 1.6517575442633898,
        "top5": 0.864852826546894
      }
    },
    "elastic": {
      "1": {
        "top1": 5.779295497568768,
        "top3": 0.9613600089083576,
        "top5": 0.46397683827623837
      },
      "2": {
        "top1": 6.243272335844992,
        "top3": 1.0838498942132873,
        "top5": 0.4936713559259118
      },
      "3": {
        "top1": 7.093277903567056,
        "top3": 1.2360342971678904,
        "top5": 0.5456367618128439
      },
      "4": {
        "top1": 9.364908503767495,
        "top3": 1.8670427972235615,
        "top5": 0.8759882706655304
      },
      "5": {
        "top1": 18.651868898704578,
        "top3": 5.567722059314804,
        "top5": 2.962028135555471
      }
    },
    "pixelate": {
      "1": {
        "top1": 8.748747262536654,
        "top3": 1.644333914850975,
        "top5": 0.8314464941910131
      },
      "2": {
        "top1": 11.992873315764072,
        "top3": 3.0102817267361957,
        "top5": 1.6480457295571824
      },
      "3": {
        "top1": 11.944619724583347,
        "top3": 3.826880962102365,
        "top5": 2.4052559296239906
      },
      "4": {
        "top1": 56.93923759325934,
        "top3": 39.69414646820831,
        "top5": 32.26309342637616
      },
      "5": {
        "top1": 91.93051482869976,
        "top3": 85.0228276604432,
        "top5": 80.19004491295794
      }
    },
    "contrast": {
      "1": {
        "top1": 5.786719126981183,
        "top3": 0.9093946030214113,
        "top5": 0.40458780297687724
      },
      "2": {
        "top1": 6.039122527003457,
        "top3": 0.9093946030214113,
        "top5": 0.45284139415760194
      },
      "3": {
        "top1": 6.618165621172196,
        "top3": 1.031884488326341,
        "top5": 0.5122304294569631
      },
      "4": {
        "top1": 9.361196689061288,
        "top3": 1.8930255001670275,
        "top5": 0.9168182324338403
      },
      "5": {
        "top1": 48.22760847778479,
        "top3": 24.111948331539296,
        "top5": 17.144872127983376
      }
    },
    "scale": {
      "1": {
        "top1": 5.59370476225827,
        "top3": 0.8982591589027891,
        "top5": 0.41572324709549946
      },
      "2": {
        "top1": 5.671652871088682,
        "top3": 0.8945473441965817,
        "top5": 0.39716417356446243
      },
      "3": {
        "top1": 6.733231877064696,
        "top3": 1.2211870383430465,
        "top5": 0.6347203147618927
      },
      "4": {
        "top1": 21.80691139898296,
        "top3": 9.531940165546942,
        "top5": 6.376897665268544
      },
      "5": {
        "top1": 96.00237556141198,
        "top3": 91.93793845811217,
        "top5": 88.98704576667532
      }
    }
  },
  "mce": {
    "top1": 1.696159682286363,
    "top3": 2.0459947795924385,
    "top5": 2.1075126045101973,
    "avg": 1.949889022129666
  }
}