{
  "model": "swin_t",
  "ratio": 0.7,
  "version": "A",
  "clean": {
    "top1": 97.42011140428026,
    "top3": 99.65186162415714,
    "top5": 99.84975080621518
  },
  "corrupted": {
    "gaussian_noise": {
      "1": {
        "top1": 2.5982116681325067,
        "top3": 0.3481383758428649,
        "top5": 0.14658457930225666
      },
      "2": {
        "top1": 2.6018762826150663,
        "top3": 0.3518029903254245,
        "top5": 0.15024919378481627
      },
      "3": {
        "top1": 2.6348578129580744,
        "top3": 0.3518029903254245,
        "top5": 0.15391380826737588
      },
      "4": {
        "top1": 2.6751685722662017,
        "top3": 0.3591322192905295,
        "top5": 0.1612430372324809
      },
      "5": {
        "top1": 15.952066842568158,
        "top3": 4.921577250073298,
        "top5": 2.9463500439753716
      }
    },
    "shot_noise": {
      "1": {
        "top1": 2.6348578129580744,
        "top3": 0.3554676048079699,
        "top5": 0.14658457930225666
      },
      "2": {
        "top1": 2.6018762826150663,
        "top3": 0.33347991791264064,
        "top5": 0.1575784227499213
      },
      "3": {
        "top1": 3.0672823218997394,
        "top3": 0.3921137496335376,
        "top5": 0.17590149516270515
      },
      "4": {
        "top1": 21.676194664321315,
        "top3": 8.274699501612432,
        "top5": 5.394312518323076
      },
      "5": {
        "top1": 83.33333333333333,
        "top3": 71.59190853122251,
        "top5": 64.51553796540604
      }
    },
    "impulse_noise": {
      "1": {
        "top1": 55.05716798592788,
        "top3": 35.301231310466136,
        "top5": 28.019642333626507
      },
      "2": {
        "top1": 88.75696276751685,
        "top3": 78.48138375842862,
        "top5": 72.22955145118733
      },
      "3": {
        "top1": 97.67296980357666,
        "top3": 94.46643213133979,
        "top5": 91.90486660803283
      },
      "4": {
        "top1": 98.91893872764585,
        "top3": 96.22911169744943,
        "top5": 94.17692758721782
      },
      "5": {
        "top1": 99.22310172969803,
        "top3": 97.13793608912343,
        "top5": 95.2469950161243
      }
    },
    "gaussian_blur": {
      "1": {
        "top1": 2.7777777777777715,
        "top3": 0.3554676048079699,
        "top5": 0.17956610964526476
      },
      "2": {
        "top1": 5.874377015537959,
        "top3": 2.1621225447082963,
        "top5": 1.5794488419818293
      },
      "3": {
        "top1": 59.454705364995604,
        "top3": 49.006889475227204,
        "top5": 44.64233362650249
      },
      "4": {
        "top1": 95.92128408091469,
        "top3": 93.10319554382879,
        "top5": 90.17883318674876
      },
      "5": {
        "top1": 99.31471709176195,
        "top3": 98.02477279390209,
        "top5": 96.6175608326004
      }
    },
    "defocus_blur": {
      "1": {
        "top1": 3.0892700087950686,
        "top3": 0.52403987100557,
        "top5": 0.2528583992964002
      },
      "2": {
        "top1": 18.396364702433303,
        "top3": 11.136763412489003,
        "top5": 9.143213133978307
      },
      "3": {
        "top1": 86.63148636763412,
        "top3": 80.13778950454412,
        "top5": 75.90882439167399
      },
      "4": {
        "top1": 98.24831427733803,
        "top3": 96.44898856640282,
        "top5": 94.29419525065963
      },
      "5": {
        "top1": 99.36235708003518,
        "top3": 98.0907358545881,
        "top5": 96.84476693051892
      }
    },
    "stroke_thinning": {
      "1": {
        "top1": 2.5835532102022825,
        "top3": 0.34080914687774566,
        "top5": 0.15024919378481627
      },
      "2": {
        "top1": 2.6275285839929694,
        "top3": 0.3444737613603053,
        "top5": 0.13925535033713743
      },
      "3": {
        "top1": 3.0343007915567313,
        "top3": 0.39577836411609724,
        "top5": 0.17590149516270515
      },
      "4": {
        "top1": 4.621078862503666,
        "top3": 0.718264438581059,
        "top5": 0.3188214599824164
      },
      "5": {
        "top1": 4.621078862503666,
        "top3": 0.718264438581059,
        "top5": 0.3188214599824164
      }
    },
    "elastic": {
      "1": {
        "top1": 2.656845499853418,
        "top3": 0.381119906185873,
        "top5": 0.1612430372324809
      },
      "2": {
        "top1": 2.9280269715625877,
        "top3": 0.39944297859865685,
        "top5": 0.15391380826737588
      },
      "3": {
        "top1": 4.474494283201409,
        "top3": 0.6742890647903863,
        "top5": 0.27851070067428907
      },
      "4": {
        "top1": 8.069481090589264,
        "top3": 1.4768396364702454,
        "top5": 0.710935209615954
      },
      "5": {
        "top1": 19.942832014072124,
        "top3": 6.29580768103196,
        "top5": 3.5070360598065093
      }
    },
    "pixelate": {
      "1": {
        "top1": 2.968337730870715,
        "top3": 0.40310759308120225,
        "top5": 0.20888302550571325
      },
      "2": {
        "top1": 3.6572852535913256,
        "top3": 0.575344473761362,
        "top5": 0.27851070067428907
      },
      "3": {
        "top1": 3.913808267370271,
        "top3": 0.7255936675461783,
        "top5": 0.37012606273819415
      },
      "4": {
        "top1": 23.292289651128698,
        "top3": 10.48446203459396,
        "top5": 7.054382878921132
      },
      "5": {
        "top1": 81.9224567575491,
        "top3": 70.19202579888596,
        "top5": 63.70932277924362
      }
    },
    "contrast": {
      "1": {
        "top1": 2.6751685722662017,
        "top3": 0.381119906185873,
        "top5": 0.15024919378481627
      },
      "2": {
        "top1": 2.7338024039870987,
        "top3": 0.39944297859865685,
        "top5": 0.17223688068014553
      },
      "3": {
        "top1": 3.14423922603342,
        "top3": 0.4434183523893296,
        "top5": 0.1905599530929294
      },
      "4": {
        "top1": 28.906479038405166,
        "top3": 16.72163588390501,
        "top5": 12.485341542069776
      },
      "5": {
        "top1": 99.31105247727939,
        "top3": 97.99179126355908,
        "top5": 96.7274992670771
      }
    },
    "scale": {
      "1": {
        "top1": 2.7777777777777715,
        "top3": 0.36646144825564875,
        "top5": 0.18323072412782437
      },
      "2": {
        "top1": 2.579888595719737,
        "top3": 0.3481383758428649,
        "top5": 0.15024919378481627
      },
      "3": {
        "top1": 3.3641160949868123,
        "top3": 0.6779536792729459,
        "top5": 0.32981530343008103
      },
      "4": {
        "top1": 25.24919378481384,
        "top3": 14.585165640574616,
        "top5": 11.433597185576076
      },
      "5": {
        "top1": 98.18235121665201,
        "top3": 96.4343301084726,
        "top5": 94.43711521547934
      }
    }
  },
  "mce": {
    "top1": 0.9094681760226759,
    "top3": 1.1017667987156325,
    "top5": 1.266067525331477,
    "avg": 1.0924341666899287
  }
}