{
  "model": "vgg16_bn",
  "seed": 123,
  "protocol": "writer_independent",
  "version": "A",
  "clean": {
    "top1": 96.47765677806984,
    "top3": 99.42170484416071,
    "top5": 99.73338340217799
  },
  "corrupted": {
    "gaussian_noise": {
      "1": {
        "top1": 3.4998122418325153,
        "top3": 0.5782951558392853,
        "top5": 0.2778820878708217
      },
      "2": {
        "top1": 3.650018775816747,
        "top3": 0.6120916259857268,
        "top5": 0.27412692452121235
      },
      "3": {
        "top1": 4.070597070972582,
        "top3": 0.7510326699211447,
        "top5": 0.39429215170859777
      },
      "4": {
        "top1": 6.132181749906124,
        "top3": 1.4194517461509548,
        "top5": 0.8298911002628557
      },
      "5": {
        "top1": 40.04130679684566,
        "top3": 21.50206533984229,
        "top5": 16.07209913631243
      }
    },
    "shot_noise": {
      "1": {
        "top1": 4.2959068719489295,
        "top3": 0.8599324070597021,
        "top5": 0.43559894855425796
      },
      "2": {
        "top1": 5.828013518588065,
        "top3": 1.3030416823131787,
        "top5": 0.743522343221926
      },
      "3": {
        "top1": 13.803980473150588,
        "top3": 4.187007134810358,
        "top5": 2.613593691325576
      },
      "4": {
        "top1": 43.916635373638755,
        "top3": 24.98685692827638,
        "top5": 19.267743146826888
      },
      "5": {
        "top1": 86.5114532482163,
        "top3": 75.75666541494556,
        "top5": 70.14269620728501
      }
    },
    "impulse_noise": {
      "1": {
        "top1": 68.05107022155464,
        "top3": 52.59106271122794,
        "top5": 46.20352985354863
      },
      "2": {
        "top1": 88.5580172737514,
        "top3": 79.90236575291026,
        "top5": 74.4799098760796
      },
      "3": {
        "top1": 96.75929402929027,
        "top3": 93.38340217799474,
        "top5": 91.09275253473527
      },
      "4": {
        "top1": 97.87082238077356,
        "top3": 95.69282763800226,
        "top5": 94.58505444986857
      },
      "5": {
        "top1": 98.14870446864438,
        "top3": 96.35749155088246,
        "top5": 95.36612842658656
      }
    },
    "gaussian_blur": {
      "1": {
        "top1": 3.6199774690199007,
        "top3": 0.5933158092377084,
        "top5": 0.28163725122043104
      },
      "2": {
        "top1": 70.03004130679685,
        "top3": 52.14044310927525,
        "top5": 44.29215170859933
      },
      "3": {
        "top1": 99.36913255726624,
        "top3": 97.61922643634998,
        "top5": 96.36875704093129
      },
      "4": {
        "top1": 99.36913255726624,
        "top3": 97.94217048441607,
        "top5": 96.77055951933909
      },
      "5": {
        "top1": 99.36913255726624,
        "top3": 98.06609087495306,
        "top5": 96.81562147953436
      }
    },
    "defocus_blur": {
      "1": {
        "top1": 4.532482162974091,
        "top3": 0.8524220803604976,
        "top5": 0.36800600826136076
      },
      "2": {
        "top1": 99.36537739391663,
        "top3": 96.87945925647766,
        "top5": 95.09575666541494
      },
      "3": {
        "top1": 99.36913255726624,
        "top3": 97.8220052572287,
        "top5": 96.64663912880211
      },
      "4": {
        "top1": 99.36913255726624,
        "top3": 98.00976342470898,
        "top5": 96.79684566278632
      },
      "5": {
        "top1": 99.36913255726624,
        "top3": 98.08862185505069,
        "top5": 96.82313180623358
      }
    },
    "stroke_thinning": {
      "1": {
        "top1": 3.5561396920765986,
        "top3": 0.5820503191888804,
        "top5": 0.2703717611716172
      },
      "2": {
        "top1": 3.58242583552385,
        "top3": 0.5933158092377084,
        "top5": 0.2703717611716172
      },
      "3": {
        "top1": 4.198272624859186,
        "top3": 0.7510326699211447,
        "top5": 0.35674051821254693
      },
      "4": {
        "top1": 5.846789335336084,
        "top3": 1.1678558017273701,
        "top5": 0.5745399924896759
      },
      "5": {
        "top1": 5.846789335336084,
        "top3": 1.1678558017273701,
        "top5": 0.5745399924896759
      }
    },
    "elastic": {
      "1": {
        "top1": 3.6312429590687145,
        "top3": 0.6196019526849454,
        "top5": 0.2778820878708217
      },
      "2": {
        "top1": 3.957942170484415,
        "top3": 0.6796845662786382,
        "top5": 0.2778820878708217
      },
      "3": {
        "top1": 4.690199023657527,
        "top3": 0.8186256102140419,
        "top5": 0.3642508449117514
      },
      "4": {
        "top1": 6.259857303792714,
        "top3": 1.2842658655651462,
        "top5": 0.6158467893353361
      },
      "5": {
        "top1": 13.360871197897112,
        "top3": 3.7176117161096442,
        "top5": 2.0428088621855096
      }
    },
    "pixelate": {
      "1": {
        "top1": 4.021779947427717,
        "top3": 0.754787833270754,
        "top5": 0.3379647014645144
      },
      "2": {
        "top1": 5.5388659406684155,
        "top3": 1.216672925272249,
        "top5": 0.6008261359369129
      },
      "3": {
        "top1": 7.093503567405179,
        "top3": 1.7987232444611294,
        "top5": 1.0138941043935432
      },
      "4": {
        "top1": 39.29027412692452,
        "top3": 23.732632369508067,
        "top5": 18.467893353360864
      },
      "5": {
        "top1": 90.32294404806609,
        "top3": 83.01539616973338,
        "top5": 78.18250093879084
      }
    },
    "contrast": {
      "1": {
        "top1": 3.5674051821254267,
        "top3": 0.6045812992865223,
        "top5": 0.2703717611716172
      },
      "2": {
        "top1": 3.612467142320696,
        "top3": 0.6383777694329638,
        "top5": 0.2853924145700404
      },
      "3": {
        "top1": 3.9241457003379594,
        "top3": 0.6834397296282333,
        "top5": 0.31543372136687253
      },
      "4": {
        "top1": 5.752910251595949,
        "top3": 0.961321817499055,
        "top5": 0.473150582050323
      },
      "5": {
        "top1": 99.35411190386782,
        "top3": 97.54787833270747,
        "top5": 95.91813743897859
      }
    },
    "scale": {
      "1": {
        "top1": 3.522343221930157,
        "top3": 0.5632745024408621,
        "top5": 0.28163725122043104
      },
      "2": {
        "top1": 3.522343221930157,
        "top3": 0.5782951558392853,
        "top5": 0.26661659782200786
      },
      "3": {
        "top1": 5.140818625610208,
        "top3": 1.1490799849793518,
        "top5": 0.5782951558392853
      },
      "4": {
        "top1": 99.32031543372136,
        "top3": 95.94066841907623,
        "top5": 94.05933158092377
      },
      "5": {
        "top1": 99.36913255726624,
        "top3": 97.97221179121291,
        "top5": 96.80435598948554
      }
    }
  },
  "mce": {
    "top1": 1.0,
    "top3": 1.0,
    "top5": 1.0,
    "avg": 1.0
  }
}