{
  "model": "regnet_x_400mf",
  "seed": 123,
  "protocol": "writer_independent",
  "version": "A",
  "clean": {
    "top1": 97.37889598197522,
    "top3": 99.58317686819376,
    "top5": 99.77093503567406
  },
  "corrupted": {
    "gaussian_noise": {
      "1": {
        "top1": 3.383402177994739,
        "top3": 0.5858054825384897,
        "top5": 0.30041306796846357
      },
      "2": {
        "top1": 13.770184003004132,
        "top3": 3.9541870071348058,
        "top5": 2.418325197146075
      },
      "3": {
        "top1": 47.52534735260984,
        "top3": 29.354111903867818,
        "top5": 22.66241081487044
      },
      "4": {
        "top1": 78.05858054825384,
        "top3": 64.05557641757417,
        "top5": 57.13105520090124
      },
      "5": {
        "top1": 94.29215170859932,
        "top3": 88.60683439729628,
        "top5": 85.77168606834397
      }
    },
    "shot_noise": {
      "1": {
        "top1": 53.26323695080736,
        "top3": 34.65640255351107,
        "top5": 27.536612842658656
      },
      "2": {
        "top1": 73.18062335711603,
        "top3": 57.42395794217048,
        "top5": 49.793466015771685
      },
      "3": {
        "top1": 86.74802853924146,
        "top3": 75.94442358242583,
        "top5": 70.3342095381149
      },
      "4": {
        "top1": 92.96657904618851,
        "top3": 85.88058580548254,
        "top5": 82.35073225685318
      },
      "5": {
        "top1": 96.0533233195644,
        "top3": 91.56214795343598,
        "top5": 88.99361622230568
      }
    },
    "impulse_noise": {
      "1": {
        "top1": 49.57191137814495,
        "top3": 30.796094630116414,
        "top5": 24.438603079233943
      },
      "2": {
        "top1": 89.06496432594818,
        "top3": 79.24145700337965,
        "top5": 74.0781073976718
      },
      "3": {
        "top1": 98.64814119414194,
        "top3": 95.82050319188885,
        "top5": 93.59744648892227
      },
      "4": {
        "top1": 99.15884340968832,
        "top3": 97.54412316935787,
        "top5": 96.0458129928652
      },
      "5": {
        "top1": 99.35035674051821,
        "top3": 97.93841532106647,
        "top5": 96.70296657904619
      }
    },
    "gaussian_blur": {
      "1": {
        "top1": 3.2369508073601168,
        "top3": 0.5219677055951877,
        "top5": 0.25535110777319403
      },
      "2": {
        "top1": 5.527600450619602,
        "top3": 1.3143071723619926,
        "top5": 0.6834397296282333
      },
      "3": {
        "top1": 30.225309800976348,
        "top3": 19.12880210289147,
        "top5": 15.37739391663537
      },
      "4": {
        "top1": 91.55839279008637,
        "top3": 84.17949680811115,
        "top5": 79.86481411941419
      },
      "5": {
        "top1": 99.04994367254976,
        "top3": 96.4513706346226,
        "top5": 94.58880961321817
      }
    },
    "defocus_blur": {
      "1": {
        "top1": 3.942921517085992,
        "top3": 0.7097258730754845,
        "top5": 0.3116785580172774
      },
      "2": {
        "top1": 10.018775816748033,
        "top3": 3.7438978595568955,
        "top5": 2.557266241081493
      },
      "3": {
        "top1": 68.63312054074352,
        "top3": 56.30116410063838,
        "top5": 50.51445737889598
      },
      "4": {
        "top1": 96.72925272249343,
        "top3": 92.6962072850169,
        "top5": 89.57566654149456
      },
      "5": {
        "top1": 99.31280510702216,
        "top3": 97.4352234322193,
        "top5": 95.52384528726999
      }
    },
    "stroke_thinning": {
      "1": {
        "top1": 2.639879834772813,
        "top3": 0.41682313180623964,
        "top5": 0.2290649643259428
      },
      "2": {
        "top1": 2.6473901614720177,
        "top3": 0.4205782951558348,
        "top5": 0.22530980097634767
      },
      "3": {
        "top1": 3.5636500187758173,
        "top3": 0.5557641757416434,
        "top5": 0.3041682313180587
      },
      "4": {
        "top1": 5.873075478783321,
        "top3": 0.9913631242959013,
        "top5": 0.5144573788959832
      },
      "5": {
        "top1": 5.873075478783321,
        "top3": 0.9913631242959013,
        "top5": 0.5144573788959832
      }
    },
    "elastic": {
      "1": {
        "top1": 2.9891100262861414,
        "top3": 0.5107022155463738,
        "top5": 0.24784078107397534
      },
      "2": {
        "top1": 3.327074727750656,
        "top3": 0.5444986856928296,
        "top5": 0.27412692452121235
      },
      "3": {
        "top1": 4.5399924896732955,
        "top3": 0.8036049568156187,
        "top5": 0.3980473150582071
      },
      "4": {
        "top1": 7.521592189260232,
        "top3": 1.535861809988731,
        "top5": 0.769808486669163
      },
      "5": {
        "top1": 18.50920015020654,
        "top3": 5.858054825384897,
        "top5": 3.357116034547502
      }
    },
    "pixelate": {
      "1": {
        "top1": 3.2219301539616936,
        "top3": 0.5332331956440157,
        "top5": 0.2891475779196355
      },
      "2": {
        "top1": 4.363499812241827,
        "top3": 0.8787082238077346,
        "top5": 0.4543747653022905
      },
      "3": {
        "top1": 6.451370634622606,
        "top3": 1.7085993240705903,
        "top5": 0.9876079609463062
      },
      "4": {
        "top1": 42.21554637626737,
        "top3": 26.808111152835153,
        "top5": 20.852422080360498
      },
      "5": {
        "top1": 92.94404806609087,
        "top3": 86.80811115283515,
        "top5": 82.02778820878709
      }
    },
    "contrast": {
      "1": {
        "top1": 2.677431468268864,
        "top3": 0.4205782951558348,
        "top5": 0.24033045437477085
      },
      "2": {
        "top1": 2.8351483289523145,
        "top3": 0.4318437852046628,
        "top5": 0.23282012767555216
      },
      "3": {
        "top1": 3.266992114156963,
        "top3": 0.5407435223432202,
        "top5": 0.28163725122043104
      },
      "4": {
        "top1": 6.034547502816366,
        "top3": 1.2204280886218584,
        "top5": 0.6421329327825731
      },
      "5": {
        "top1": 65.03567405182125,
        "top3": 42.155463762673676,
        "top5": 33.40593315809238
      }
    },
    "scale": {
      "1": {
        "top1": 3.109275253473527,
        "top3": 0.5144573788959832,
        "top5": 0.24033045437477085
      },
      "2": {
        "top1": 2.6211040180247807,
        "top3": 0.41682313180623964,
        "top5": 0.2290649643259428
      },
      "3": {
        "top1": 4.175741644761544,
        "top3": 0.8111152835148374,
        "top5": 0.35674051821254693
      },
      "4": {
        "top1": 14.108148704468647,
        "top3": 5.865565152084116,
        "top5": 3.9203905369883643
      },
      "5": {
        "top1": 96.56402553511077,
        "top3": 92.24934284641382,
        "top5": 89.17010889973714
      }
    }
  },
  "mce": {
    "top1": 1.987171027284687,
    "top3": 4.698643855470282,
    "top5": 6.750345074308177,
    "avg": 4.478719985687715
  }
}