{
  "model": "convnext_tiny",
  "ratio": 0.7,
  "version": "A",
  "clean": {
    "top1": 97.56303136909997,
    "top3": 99.66285546760481,
    "top5": 99.81310466138962
  },
  "corrupted": {
    "gaussian_noise": {
      "1": {
        "top1": 2.45162708883025,
        "top3": 0.33714453239518605,
        "top5": 0.186895338610384
      },
      "2": {
        "top1": 2.45162708883025,
        "top3": 0.34080914687774566,
        "top5": 0.1905599530929294
      },
      "3": {
        "top1": 2.4589563177953693,
        "top3": 0.3444737613603053,
        "top5": 0.186895338610384
      },
      "4": {
        "top1": 2.4552917033128097,
        "top3": 0.33347991791264064,
        "top5": 0.186895338610384
      },
      "5": {
        "top1": 2.5652301377894986,
        "top3": 0.3518029903254245,
        "top5": 0.17956610964526476
      }
    },
    "shot_noise": {
      "1": {
        "top1": 2.4406332453825854,
        "top3": 0.3444737613603053,
        "top5": 0.186895338610384
      },
      "2": {
        "top1": 2.433304016417466,
        "top3": 0.3481383758428649,
        "top5": 0.17590149516270515
      },
      "3": {
        "top1": 2.4039871005570177,
        "top3": 0.3481383758428649,
        "top5": 0.17956610964526476
      },
      "4": {
        "top1": 2.5175901495162663,
        "top3": 0.3554676048079699,
        "top5": 0.17590149516270515
      },
      "5": {
        "top1": 7.9045734388742375,
        "top3": 1.8323072412782153,
        "top5": 0.9674582233948996
      }
    },
    "impulse_noise": {
      "1": {
        "top1": 43.891087657578424,
        "top3": 25.417766051011426,
        "top5": 20.188361184403405
      },
      "2": {
        "top1": 72.04265611257696,
        "top3": 55.41263559073585,
        "top5": 47.10128994429786
      },
      "3": {
        "top1": 91.7656112576957,
        "top3": 85.28290823805335,
        "top5": 80.43828789211375
      },
      "4": {
        "top1": 96.85576077396658,
        "top3": 94.09997068308414,
        "top5": 90.6625622984462
      },
      "5": {
        "top1": 98.3765757842275,
        "top3": 97.30284374083847,
        "top5": 93.73350923482849
      }
    },
    "gaussian_blur": {
      "1": {
        "top1": 2.4919378481383774,
        "top3": 0.36279683377308913,
        "top5": 0.186895338610384
      },
      "2": {
        "top1": 9.421723834652596,
        "top3": 4.6467311638815545,
        "top5": 3.7269129287599014
      },
      "3": {
        "top1": 85.70067428906479,
        "top3": 78.98343594253885,
        "top5": 75.24919378481384
      },
      "4": {
        "top1": 98.53781882145998,
        "top3": 96.4416593374377,
        "top5": 94.82556435063032
      },
      "5": {
        "top1": 99.32204632072705,
        "top3": 97.99912049252418,
        "top5": 96.47830548226327
      }
    },
    "defocus_blur": {
      "1": {
        "top1": 3.1185869246555313,
        "top3": 0.6669598358252671,
        "top5": 0.388449135150978
      },
      "2": {
        "top1": 42.99325710935209,
        "top3": 32.42084432717678,
        "top5": 28.47771914394606
      },
      "3": {
        "top1": 96.4746408677807,
        "top3": 93.34506009967751,
        "top5": 91.2855467604808
      },
      "4": {
        "top1": 99.09850483729112,
        "top3": 97.32116681325125,
        "top5": 95.75637642919965
      },
      "5": {
        "top1": 99.34769862210496,
        "top3": 98.06874816769276,
        "top5": 96.58824391673996
      }
    },
    "stroke_thinning": {
      "1": {
        "top1": 2.4479624743477046,
        "top3": 0.3444737613603053,
        "top5": 0.186895338610384
      },
      "2": {
        "top1": 2.469950161243034,
        "top3": 0.3518029903254245,
        "top5": 0.194224567575489
      },
      "3": {
        "top1": 2.9060392846672585,
        "top3": 0.4177660510114265,
        "top5": 0.2565230137789456
      },
      "4": {
        "top1": 4.265611257695696,
        "top3": 0.7878921137496349,
        "top5": 0.43608912342421036
      },
      "5": {
        "top1": 4.265611257695696,
        "top3": 0.7878921137496349,
        "top5": 0.43608912342421036
      }
    },
    "elastic": {
      "1": {
        "top1": 2.4809440046907127,
        "top3": 0.3481383758428649,
        "top5": 0.186895338610384
      },
      "2": {
        "top1": 2.638522427440634,
        "top3": 0.36279683377308913,
        "top5": 0.16857226619760013
      },
      "3": {
        "top1": 3.283494576370572,
        "top3": 0.4177660510114265,
        "top5": 0.2272060979184971
      },
      "4": {
        "top1": 4.665054236294338,
        "top3": 0.6632952213427217,
        "top5": 0.3261506889475214
      },
      "5": {
        "top1": 10.000732922896518,
        "top3": 2.2720609791849853,
        "top5": 1.1909997068308371
      }
    },
    "pixelate": {
      "1": {
        "top1": 2.884051597771915,
        "top3": 0.43242450894166495,
        "top5": 0.2235414834359375
      },
      "2": {
        "top1": 3.829522134271471,
        "top3": 0.6413075344473782,
        "top5": 0.3261506889475214
      },
      "3": {
        "top1": 3.9467897977132793,
        "top3": 0.8941659337437642,
        "top5": 0.49472295514512155
      },
      "4": {
        "top1": 32.56009967751393,
        "top3": 17.9089709762533,
        "top5": 13.427147464086772
      },
      "5": {
        "top1": 91.87921430665494,
        "top3": 85.08868367047786,
        "top5": 80.68381706244503
      }
    },
    "contrast": {
      "1": {
        "top1": 2.444297859865145,
        "top3": 0.3444737613603053,
        "top5": 0.1905599530929294
      },
      "2": {
        "top1": 2.5982116681325067,
        "top3": 0.3774552917033134,
        "top5": 0.1905599530929294
      },
      "3": {
        "top1": 3.3970976253298204,
        "top3": 0.5863383172090266,
        "top5": 0.3151568454998568
      },
      "4": {
        "top1": 95.7856933450601,
        "top3": 93.09220170038112,
        "top5": 91.05467604807974
      },
      "5": {
        "top1": 99.32937554969217,
        "top3": 98.04676048079742,
        "top5": 96.59190853122251
      }
    },
    "scale": {
      "1": {
        "top1": 2.444297859865145,
        "top3": 0.3444737613603053,
        "top5": 0.18323072412782437
      },
      "2": {
        "top1": 2.436968630900026,
        "top3": 0.33714453239518605,
        "top5": 0.186895338610384
      },
      "3": {
        "top1": 3.594986807387869,
        "top3": 0.9234828496042269,
        "top5": 0.5863383172090266
      },
      "4": {
        "top1": 54.70902961008502,
        "top3": 42.278657285253594,
        "top5": 36.840369393139845
      },
      "5": {
        "top1": 98.98123717384931,
        "top3": 97.17091761946644,
        "top5": 95.71606566989152
      }
    }
  },
  "mce": {
    "top1": 1.1581467330896469,
    "top3": 3.031484489727789,
    "top5": 5.277689536707522,
    "avg": 3.155773586508319
  }
}