{
  "model": "mnasnet0_5",
  "seed": 1,
  "protocol": "writer_independent",
  "version": "A",
  "clean": {
    "top1": 97.09668088798901,
    "top3": 99.53720442548268,
    "top5": 99.74690867018585
  },
  "corrupted": {
    "gaussian_noise": {
      "1": {
        "top1": 98.04758117000506,
        "top3": 94.844168052643,
        "top5": 93.28223298864705
      },
      "2": {
        "top1": 99.33834695205726,
        "top3": 97.7294092125244,
        "top5": 96.80381806348977
      },
      "3": {
        "top1": 99.37450285631644,
        "top3": 98.08735266469014,
        "top5": 96.75319979752693
      },
      "4": {
        "top1": 99.37450285631644,
        "top3": 98.10181502639381,
        "top5": 96.81466483476751
      },
      "5": {
        "top1": 99.35642490418685,
        "top3": 98.1235085689493,
        "top5": 96.81466483476751
      }
    },
    "shot_noise": {
      "1": {
        "top1": 99.37450285631644,
        "top3": 97.8812640104129,
        "top5": 96.27955745173186
      },
      "2": {
        "top1": 99.37450285631644,
        "top3": 98.10181502639381,
        "top5": 96.98821317521151
      },
      "3": {
        "top1": 99.37450285631644,
        "top3": 98.11266179767156,
        "top5": 96.81466483476751
      },
      "4": {
        "top1": 99.4757393882421,
        "top3": 98.14881770193072,
        "top5": 96.81466483476751
      },
      "5": {
        "top1": 99.40704317014969,
        "top3": 98.12712415937523,
        "top5": 96.93036372839684
      }
    },
    "impulse_noise": {
      "1": {
        "top1": 74.14852845469665,
        "top3": 57.270952346518186,
        "top5": 48.463374068985466
      },
      "2": {
        "top1": 91.74199146720659,
        "top3": 84.36618699833683,
        "top5": 79.05850025309132
      },
      "3": {
        "top1": 95.6287511750669,
        "top3": 91.83599681828042,
        "top5": 88.69043314773302
      },
      "4": {
        "top1": 96.7676621592306,
        "top3": 93.89688336105286,
        "top5": 92.02039193000218
      },
      "5": {
        "top1": 98.02227203702364,
        "top3": 95.70467857401114,
        "top5": 94.50791814303275
      }
    },
    "gaussian_blur": {
      "1": {
        "top1": 8.568949309422223,
        "top3": 1.6884807289030306,
        "top5": 0.9075131969050574
      },
      "2": {
        "top1": 27.43871574228072,
        "top3": 9.892255405307694,
        "top5": 5.586087208041079
      },
      "3": {
        "top1": 72.24672789066454,
        "top3": 53.91568443126763,
        "top5": 44.70316002603225
      },
      "4": {
        "top1": 95.8493021910478,
        "top3": 89.84019090317449,
        "top5": 85.01337768457589
      },
      "5": {
        "top1": 99.20095451587244,
        "top3": 96.80020247306385,
        "top5": 95.24188299949381
      }
    },
    "defocus_blur": {
      "1": {
        "top1": 15.243329235664177,
        "top3": 3.6842866440089637,
        "top5": 1.9813435534022688
      },
      "2": {
        "top1": 46.99182876563743,
        "top3": 25.66346084315569,
        "top5": 17.575385060380356
      },
      "3": {
        "top1": 86.89710029647841,
        "top3": 74.67640465688046,
        "top5": 67.31144695928845
      },
      "4": {
        "top1": 98.10543061681973,
        "top3": 94.89840190903175,
        "top5": 92.09631932894642
      },
      "5": {
        "top1": 99.36365608503868,
        "top3": 97.46547111143249,
        "top5": 95.97946344638079
      }
    },
    "stroke_thinning": {
      "1": {
        "top1": 2.92862824499241,
        "top3": 0.46641116494323853,
        "top5": 0.25309132981415416
      },
      "2": {
        "top1": 2.9358594258442423,
        "top3": 0.491720297924644,
        "top5": 0.26032251066598633
      },
      "3": {
        "top1": 3.893990888712125,
        "top3": 0.6399595053872247,
        "top5": 0.32178754790656683
      },
      "4": {
        "top1": 7.914527442331334,
        "top3": 1.381155542700128,
        "top5": 0.6797310000723087
      },
      "5": {
        "top1": 7.914527442331334,
        "top3": 1.381155542700128,
        "top5": 0.6797310000723087
      }
    },
    "elastic": {
      "1": {
        "top1": 4.100079542989377,
        "top3": 0.7158869043314837,
        "top5": 0.33986550003615434
      },
      "2": {
        "top1": 4.4507918143032725,
        "top3": 0.7665051702943089,
        "top5": 0.39771494685082587
      },
      "3": {
        "top1": 5.311302335671414,
        "top3": 0.8858196543495609,
        "top5": 0.48448911707281184
      },
      "4": {
        "top1": 7.4915033624991025,
        "top3": 1.334152867163212,
        "top5": 0.7267336756092249
      },
      "5": {
        "top1": 16.537710608142305,
        "top3": 4.855737942005931,
        "top5": 2.711692819437417
      }
    },
    "pixelate": {
      "1": {
        "top1": 4.273627883433363,
        "top3": 0.6978089522018962,
        "top5": 0.37963699472123835
      },
      "2": {
        "top1": 8.782269144551307,
        "top3": 2.1765854364017656,
        "top5": 1.1859136597006312
      },
      "3": {
        "top1": 11.374647479933472,
        "top3": 3.4709668088798935,
        "top5": 2.0898112661797654
      },
      "4": {
        "top1": 59.693397931882274,
        "top3": 42.096319328946414,
        "top5": 34.57227565261407
      },
      "5": {
        "top1": 90.65731433943162,
        "top3": 83.0067249981922,
        "top5": 77.88343336466845
      }
    },
    "contrast": {
      "1": {
        "top1": 2.95393737797383,
        "top3": 0.46641116494323853,
        "top5": 0.2241666064068255
      },
      "2": {
        "top1": 3.4239641333429773,
        "top3": 0.5387229734615602,
        "top5": 0.2494757393882452
      },
      "3": {
        "top1": 4.320630558970279,
        "top3": 0.730349266035148,
        "top5": 0.38325258514716154
      },
      "4": {
        "top1": 9.371610383975707,
        "top3": 1.984959143828192,
        "top5": 1.008749728830722
      },
      "5": {
        "top1": 59.48369368717912,
        "top3": 32.760864849229876,
        "top5": 21.751392002313978
      }
    },
    "scale": {
      "1": {
        "top1": 6.464675681538793,
        "top3": 1.1497577554414704,
        "top5": 0.5604165160170709
      },
      "2": {
        "top1": 2.9033191120109905,
        "top3": 0.46279557451731534,
        "top5": 0.25309132981415416
      },
      "3": {
        "top1": 14.737146576035869,
        "top3": 3.4745823993058025,
        "top5": 1.8439511172174434
      },
      "4": {
        "top1": 57.860293585942586,
        "top3": 36.904331477330246,
        "top5": 28.12929351363077
      },
      "5": {
        "top1": 97.7944898401909,
        "top3": 94.72123797816184,
        "top5": 92.68927615879673
      }
    }
  },
  "mce": {
    "top1": 5.5964564343404195,
    "top3": 29.10907896301424,
    "top5": 52.69917946244294,
    "avg": 29.134904953265863
  }
}