{
  "model": "regnet_x_400mf",
  "seed": 42,
  "protocol": "writer_independent",
  "version": "A",
  "clean": {
    "top1": 97.37945881741584,
    "top3": 99.66964849114733,
    "top5": 99.87379829998886
  },
  "corrupted": {
    "gaussian_noise": {
      "1": {
        "top1": 2.828402806131919,
        "top3": 0.36375784120856736,
        "top5": 0.13733714412975928
      },
      "2": {
        "top1": 4.465313091570465,
        "top3": 0.6755502765302026,
        "top5": 0.32292787944025747
      },
      "3": {
        "top1": 14.060354107122976,
        "top3": 4.190638803310932,
        "top5": 2.223377009019714
      },
      "4": {
        "top1": 37.697190156267396,
        "top3": 19.787684198804797,
        "top5": 14.260792101258303
      },
      "5": {
        "top1": 86.68943246353142,
        "top3": 72.88148175643072,
        "top5": 62.685126758472215
      }
    },
    "shot_noise": {
      "1": {
        "top1": 17.27478564270072,
        "top3": 5.8943617534612684,
        "top5": 3.362904123826141
      },
      "2": {
        "top1": 32.97576184996845,
        "top3": 16.07958130730114,
        "top5": 11.191121339222747
      },
      "3": {
        "top1": 56.66456330499982,
        "top3": 36.40547863850637,
        "top5": 28.647785902527744
      },
      "4": {
        "top1": 81.83437882780892,
        "top3": 64.96418098808508,
        "top5": 54.437474481273895
      },
      "5": {
        "top1": 95.21918265840169,
        "top3": 90.05976021676997,
        "top5": 84.04290857800379
      }
    },
    "impulse_noise": {
      "1": {
        "top1": 54.64904791952786,
        "top3": 34.735162020711925,
        "top5": 27.753238558331162
      },
      "2": {
        "top1": 85.04138673397424,
        "top3": 71.12950521509967,
        "top5": 62.96722467614417
      },
      "3": {
        "top1": 95.93185108199398,
        "top3": 91.24011729334472,
        "top5": 87.52087895772243
      },
      "4": {
        "top1": 97.53906684978286,
        "top3": 94.92966111131733,
        "top5": 92.59864147581753
      },
      "5": {
        "top1": 98.24431164396273,
        "top3": 96.54430050851862,
        "top5": 94.98533833191047
      }
    },
    "gaussian_blur": {
      "1": {
        "top1": 3.700679262091242,
        "top3": 0.41572324709549946,
        "top5": 0.17074347648565436
      },
      "2": {
        "top1": 5.025797112208153,
        "top3": 1.0430199324449774,
        "top5": 0.6161612412308415
      },
      "3": {
        "top1": 51.475446345718424,
        "top3": 38.380164062210014,
        "top5": 32.920084629375296
      },
      "4": {
        "top1": 96.44779332615715,
        "top3": 93.1108719052745,
        "top5": 90.25277458149289
      },
      "5": {
        "top1": 99.19824802345867,
        "top3": 97.72094577038715,
        "top5": 95.99495193199955
      }
    },
    "defocus_blur": {
      "1": {
        "top1": 3.9716417356445533,
        "top3": 0.5493485765190655,
        "top5": 0.22642069707880808
      },
      "2": {
        "top1": 11.729334471623176,
        "top3": 5.036932556326789,
        "top5": 3.6227311532608297
      },
      "3": {
        "top1": 86.17349021936825,
        "top3": 78.39352659515237,
        "top5": 73.59786199472921
      },
      "4": {
        "top1": 98.43361419397944,
        "top3": 96.39582792027022,
        "top5": 94.2429753906685
      },
      "5": {
        "top1": 99.33187335288223,
        "top3": 98.02902639100256,
        "top5": 96.37726884673917
      }
    },
    "stroke_thinning": {
      "1": {
        "top1": 2.616829367877955,
        "top3": 0.3303515088526723,
        "top5": 0.12620170001113706
      },
      "2": {
        "top1": 2.6279648119965913,
        "top3": 0.3451987676775161,
        "top5": 0.12620170001113706
      },
      "3": {
        "top1": 3.273820570877106,
        "top3": 0.5233658735755853,
        "top5": 0.18187892060427657
      },
      "4": {
        "top1": 4.572955718050551,
        "top3": 0.746074755948186,
        "top5": 0.3303515088526723
      },
      "5": {
        "top1": 4.572955718050551,
        "top3": 0.746074755948186,
        "top5": 0.3303515088526723
      }
    },
    "elastic": {
      "1": {
        "top1": 3.4037340855944507,
        "top3": 0.3934523588582408,
        "top5": 0.15218440295460312
      },
      "2": {
        "top1": 3.641290226791881,
        "top3": 0.4379941353327581,
        "top5": 0.17816710589806917
      },
      "3": {
        "top1": 4.598938420994017,
        "top3": 0.5753312794625316,
        "top5": 0.22270888237258646
      },
      "4": {
        "top1": 6.3323558887940266,
        "top3": 0.965071823614565,
        "top5": 0.4342823206265507
      },
      "5": {
        "top1": 14.171708548309269,
        "top3": 3.466834935600019,
        "top5": 1.904160944285664
      }
    },
    "pixelate": {
      "1": {
        "top1": 3.4519876767751754,
        "top3": 0.5085186147507557,
        "top5": 0.2338443264912229
      },
      "2": {
        "top1": 6.555064771166627,
        "top3": 1.2731524442299786,
        "top5": 0.6755502765302026
      },
      "3": {
        "top1": 10.54897739504844,
        "top3": 3.047399873798298,
        "top5": 1.6888756913254923
      },
      "4": {
        "top1": 66.33012879997031,
        "top3": 49.359711963178796,
        "top5": 41.01184068891281
      },
      "5": {
        "top1": 91.78204224045136,
        "top3": 85.82086782227832,
        "top5": 82.2797965925541
      }
    },
    "contrast": {
      "1": {
        "top1": 2.6391002561152135,
        "top3": 0.3377751382651013,
        "top5": 0.11506625589250064
      },
      "2": {
        "top1": 2.717048364945626,
        "top3": 0.3786051000334112,
        "top5": 0.11877807059872225
      },
      "3": {
        "top1": 3.26268512675847,
        "top3": 0.4714004676886532,
        "top5": 0.16331984707323954
      },
      "4": {
        "top1": 9.59504101555251,
        "top3": 1.9895326825284911,
        "top5": 1.0615790059760286
      },
      "5": {
        "top1": 98.75283025871349,
        "top3": 96.58513047028693,
        "top5": 94.41743068186037
      }
    },
    "scale": {
      "1": {
        "top1": 3.7118147062098643,
        "top3": 0.40087598827066984,
        "top5": 0.15589621766081052
      },
      "2": {
        "top1": 2.6205411825841622,
        "top3": 0.3303515088526723,
        "top5": 0.12620170001113706
      },
      "3": {
        "top1": 4.094131620949483,
        "top3": 0.5716194647563242,
        "top5": 0.25982702943468894
      },
      "4": {
        "top1": 15.67870531903047,
        "top3": 6.915110797668987,
        "top5": 4.918154485728067
      },
      "5": {
        "top1": 98.01789094688394,
        "top3": 95.69058312609035,
        "top5": 93.50432426413273
      }
    }
  },
  "mce": {
    "top1": 1.6550990649865625,
    "top3": 2.627892266736774,
    "top5": 3.0602737190740354,
    "avg": 2.4477550169324576
  }
}