{
  "model": "googlenet",
  "seed": 123,
  "protocol": "writer_independent",
  "version": "A",
  "clean": {
    "top1": 95.90311678558017,
    "top3": 99.342846413819,
    "top5": 99.65828013518588
  },
  "corrupted": {
    "gaussian_noise": {
      "1": {
        "top1": 4.0781073976718005,
        "top3": 0.6533984228313869,
        "top5": 0.3454750281637189
      },
      "2": {
        "top1": 4.412316935786706,
        "top3": 0.7960946301164142,
        "top5": 0.3792714983101746
      },
      "3": {
        "top1": 5.384904243334589,
        "top3": 1.1340593315809286,
        "top5": 0.5219677055951877
      },
      "4": {
        "top1": 7.465264739016149,
        "top3": 1.9489297784453612,
        "top5": 0.9951182876455107
      },
      "5": {
        "top1": 20.58205031918888,
        "top3": 8.539241457003385,
        "top5": 6.064588809613213
      }
    },
    "shot_noise": {
      "1": {
        "top1": 6.090874953060464,
        "top3": 1.4307172361997686,
        "top5": 0.7022155463762658
      },
      "2": {
        "top1": 7.938415321066472,
        "top3": 2.193015396169727,
        "top5": 1.1453248216297425
      },
      "3": {
        "top1": 12.801351858805859,
        "top3": 4.446113405933161,
        "top5": 2.6323695080735945
      },
      "4": {
        "top1": 24.84416072099137,
        "top3": 11.190386781825012,
        "top5": 7.923394667668049
      },
      "5": {
        "top1": 50.510702215546374,
        "top3": 33.51107773188134,
        "top5": 27.176117161096514
      }
    },
    "impulse_noise": {
      "1": {
        "top1": 55.12579797221179,
        "top3": 36.62035298535486,
        "top5": 29.20015020653399
      },
      "2": {
        "top1": 82.05782951558393,
        "top3": 69.2076605332332,
        "top5": 61.80623357116035
      },
      "3": {
        "top1": 95.98948554262111,
        "top3": 90.0638377769433,
        "top5": 85.82801351858805
      },
      "4": {
        "top1": 98.07360120165227,
        "top3": 94.70897484040556,
        "top5": 92.20428088621856
      },
      "5": {
        "top1": 98.65565152084116,
        "top3": 96.29740893728878,
        "top5": 94.39354111903867
      }
    },
    "gaussian_blur": {
      "1": {
        "top1": 3.8490424333458435,
        "top3": 0.5895606458880991,
        "top5": 0.27412692452121235
      },
      "2": {
        "top1": 4.975591438227568,
        "top3": 1.4494930529478012,
        "top5": 0.935035674051818
      },
      "3": {
        "top1": 74.64138190011266,
        "top3": 60.23657529102516,
        "top5": 53.75891851295531
      },
      "4": {
        "top1": 99.04994367254976,
        "top3": 96.9095005632745,
        "top5": 94.69395418700714
      },
      "5": {
        "top1": 99.36913255726624,
        "top3": 98.09988734509952,
        "top5": 96.74802853924146
      }
    },
    "defocus_blur": {
      "1": {
        "top1": 3.409688321441976,
        "top3": 0.5444986856928296,
        "top5": 0.25910627112278917
      },
      "2": {
        "top1": 16.894479909876083,
        "top3": 9.053698835899368,
        "top5": 7.070972587307551
      },
      "3": {
        "top1": 97.41644761547127,
        "top3": 91.07022155463763,
        "top5": 87.3037927149831
      },
      "4": {
        "top1": 99.21517085993241,
        "top3": 97.94968081111529,
        "top5": 96.16597822005257
      },
      "5": {
        "top1": 99.36913255726624,
        "top3": 98.10739767179872,
        "top5": 96.82688696958317
      }
    },
    "stroke_thinning": {
      "1": {
        "top1": 4.085617724371005,
        "top3": 0.6684190762298101,
        "top5": 0.34923019151332824
      },
      "2": {
        "top1": 4.115659031167851,
        "top3": 0.6834397296282333,
        "top5": 0.34171986481412375
      },
      "3": {
        "top1": 5.37739391663537,
        "top3": 1.1115283514832868,
        "top5": 0.5707848291400666
      },
      "4": {
        "top1": 6.2298159969958675,
        "top3": 1.1791212917761982,
        "top5": 0.6045812992865223
      },
      "5": {
        "top1": 6.2298159969958675,
        "top3": 1.1791212917761982,
        "top5": 0.6045812992865223
      }
    },
    "elastic": {
      "1": {
        "top1": 4.720240330454374,
        "top3": 0.8186256102140419,
        "top5": 0.39429215170859777
      },
      "2": {
        "top1": 5.24971836274878,
        "top3": 0.9913631242959013,
        "top5": 0.46188509200149497
      },
      "3": {
        "top1": 6.237326323695086,
        "top3": 1.2392039053698767,
        "top5": 0.6233571160345406
      },
      "4": {
        "top1": 8.655651520841161,
        "top3": 2.072850168982356,
        "top5": 1.0364250844911709
      },
      "5": {
        "top1": 17.74690199023658,
        "top3": 5.880585805482539,
        "top5": 3.4472399549380413
      }
    },
    "pixelate": {
      "1": {
        "top1": 7.626736763049195,
        "top3": 1.689823507322572,
        "top5": 0.9049943672549716
      },
      "2": {
        "top1": 14.930529478032298,
        "top3": 4.784078107397676,
        "top5": 2.895230942546007
      },
      "3": {
        "top1": 19.575666541494556,
        "top3": 7.570409312805111,
        "top5": 4.686443860307918
      },
      "4": {
        "top1": 72.29064964325948,
        "top3": 57.6304919263988,
        "top5": 49.50807360120165
      },
      "5": {
        "top1": 94.11941419451746,
        "top3": 88.52422080360496,
        "top5": 84.70521967705595
      }
    },
    "contrast": {
      "1": {
        "top1": 3.0904994367254943,
        "top3": 0.46188509200149497,
        "top5": 0.2102891475779245
      },
      "2": {
        "top1": 2.9102515959444304,
        "top3": 0.446864438603086,
        "top5": 0.2102891475779245
      },
      "3": {
        "top1": 3.1205407435223407,
        "top3": 0.49943672549756,
        "top5": 0.25535110777319403
      },
      "4": {
        "top1": 5.347352609838524,
        "top3": 1.1152835148328961,
        "top5": 0.5670296657904572
      },
      "5": {
        "top1": 93.2219301539617,
        "top3": 82.95531355613969,
        "top5": 75.48253849042433
      }
    },
    "scale": {
      "1": {
        "top1": 4.12316935786707,
        "top3": 0.7059707097258752,
        "top5": 0.3116785580172774
      },
      "2": {
        "top1": 4.096883214419833,
        "top3": 0.6571535861809963,
        "top5": 0.34171986481412375
      },
      "3": {
        "top1": 3.492301915133311,
        "top3": 0.5970709725873036,
        "top5": 0.2778820878708217
      },
      "4": {
        "top1": 22.238077356364997,
        "top3": 12.061584678933528,
        "top5": 9.36913255726624
      },
      "5": {
        "top1": 99.1475779196395,
        "top3": 97.57791963950432,
        "top5": 95.64776567780699
      }
    }
  },
  "mce": {
    "top1": 1.0796900353052457,
    "top3": 1.16432463738604,
    "top5": 1.2126283530573168,
    "avg": 1.1522143419162008
  }
}